字（OPENCC標準）,拼音,詞頻,註釋
个,keh4,4828294,的
我,ngou2,1192789,
是,zy2,1180957,
在,lai2,974740,
在,dzai2,974740,
尔,ni2,973526,
你,ni2,963526,
的,tik4,828294,
対,tah4,664874,
対,teh4,664874,
有,yeu2,613906,
弗,feh4,590643,
就,zieu3,558432,
就,dzieu3,558432,
了,liau2,500186,
也,ya2,404388,
也,gha2,404388,
都,tu1,401877,
要,iau3,396900,
要,iau1,396900,
吧,po1,385205,
吧,pa1,385205,
好,hau2,378543,
好,hau3,378543,
他,thou1,343908,
他,tha1,343908,
佢,gei1,343908,
佢,gi1,343908,
于,leh4,343908,
說,yoh4,338803,
說,shioh4,338803,
去,khei3,330876,
去,khi3,330876,
到,tau3,296879,
沒,meh4,295035,
丄,long3,284918,
上,zhiang2,284918,
上,zhiang3,284918,
對,tei3,279642,
那,nou1,269381,
那,na1,269381,
人,nin1,250285,
人,zhin1,250285,
個,keh4,245957,一個兩個
個,kou3,245957,個人，個別
箇,kou3,245957,“那個”
看,khoe3,245039,
中,ciung3,243213,
中,ciung1,243213,
呢,ni1,239902,
來,lai1,233997,
嗎,ma3,220136,
爲,wi3,210479,
爲,wei3,210479,
爲,wi1,210479,
爲,wei1,210479,
她,thou1,204022,
她,tha1,204022,
姖,gei1,204022,
姖,gi1,204022,
與,yi2,202250,
與,yu2,202250,
給,kih4,191937,
不,feh4,190643,
等,teng2,182604,
這,kih4,178109,
這,cik4,178109,
這,dik4,178109,
用,yung3,168186,
把,po2,165484,
和,ghou3,164874,
和,ghou1,164874,
和,gou1,164874,
下,gho2,163638,
下,gho3,163638,
恩,en1,162015,
能,neng1,161410,
很,ghen2,160208,
多,tou1,154137,
做,tzou3,154137,
想,siang2,141790,
被,bi2,138128,
點,tiae2,137956,
而,ni1,135908,
后,gheu2,134560,
後,gheu2,134560,
一,ih4,134392,
又,yeu3,132893,
又,yi3,132893,
從,zung1,126905,
再,tzai3,120734,
將,tsiang1,119239,
將,tziang3,119239,
將,tziang1,119239,
時,zhy1,117616,
但,dae2,115581,
党,tok4,115581,“們”
党,jiang3,115581,“們”
過,kou3,111897,
打,tang2,107925,
大,dou3,106058,
大,da3,106058,
年,niae1,105268,
啦,lha1,102549,
以,yi2,100400,
買,ma2,100275,
裏,li2,98050,
里,li2,98050,
讓,niang3,97928,
讓,zhiang3,97928,
小,siau2,92013,
処,tah4,88050,
先,siae1,84326,
啊,a1,83803,
或,wek4,83282,
呀,ho1,79232,
呀,ngo1,79232,
呀,nga1,79232,
併,ping3,79035,
并,ping3,79035,
並,bing2,79035,
找,tzau2,78056,
新,sin1,77282,
及,gih4,77186,
得,tek4,75568,
跟,ken1,74632,
垃,leh4,73708,
于,leh4,73708,
于,yu1,73708,
於,ei1,73708,
於,iu1,73708,
太,tha3,71180,
嘛,mo1,70738,
號,ghau3,70299,
日,nih4,70124,
日,zhih4,70124,
才,zai1,69949,
才,dzai1,69949,
發,fah4,69515,
髮,fah4,69515,
可,khou2,68911,
比,pi2,68654,
玩,nguoe3,67131,
玩,woe3,67131,
們,men1,65806,
最,tzei3,65806,
月,ngioh4,65397,
吃,khik4,65315,
喫,khik4,65315,
真,cin1,65153,
它,thou1,58897,
它,tha1,58897,
話,wa3,57807,
話,wo3,57807,
請,tsing2,55964,
錢,zie1,55755,
錢,dzie1,55755,
叫,kiau3,55685,
出,chui3,55547,
出,tsei3,55547,
出,chiuh4,55547,
齣,chiuh4,55547,
開,khai1,54927,
鑊,ghok4,54000,
哈,heh4,53642,
哈,ha,53642,
當,tong3,52846,
噹,tong1,52846,
當,tong1,52846,
傢,ko1,52256,
家,ko1,52256,
家,ka1,52256,
向,hiang3,52126,
嚮,hiang3,52126,
問,men3,49777,
問,ven3,49777,
之,cy1,49530,
更,kang3,48734,
更,kang1,48734,
該,kai1,48251,
別,bih4,48130,
別,pih4,48130,
彆,pih4,48130,
走,tzeu2,48130,
快,khua3,48011,
前,ziae1,46770,
前,dziae1,46770,
由,yeu1,46538,
高,kau1,45167,
您,ning1,44386,
加,ko1,44110,
加,ka1,44110,
天,thiae1,44055,
所,su2,44055,
卻,khiak4,43347,
已,yi2,43347,
寫,sia2,40881,
內,nei3,40881,
啥,so1,40526,
啥,sa1,40526,
搞,kau2,39924,
老,lau2,39924,
事,zy3,38942,
事,dzy3,38942,
隻,ciak4,38748,
只,cy2,38748,
只,cy2,38748,
拿,no1,38603,
拿,na1,38603,
帶,ta3,38459,
如,niu1,37936,
如,zhiu1,37936,
死,sy2,36726,
賣,ma3,35689,
暈,yun3,35555,
地,di3,35028,
像,ziang2,34680,
使,sy2,34422,
剛,kong1,33324,
成,zhing1,33117,
換,woe3,32585,
無,mu1,32585,
無,m1,32585,
無,mu1,32585,
無,vu1,32585,
嗯,en1,31982,
哪,nou2,31902,
回,wei1,31665,
迴,wei1,31665,
愛,ai3,31546,
聽,thing3,31156,
少,shiau2,31117,
少,shiau3,31117,
元,ngioe1,30885,
卡,kha3,30770,
靠,khau3,30617,
幫,pong1,30125,
算,soe2,29938,
者,cia2,29752,
忙,mong1,29641,
起,khi2,29383,
各,kok4,29019,
學,ghok4,28803,
分,fen1,28803,
總,tzung2,28517,
則,tzek4,28270,
水,shui2,27608,
水,sei2,27608,
改,kai2,27437,
咯,kok4,27403,
唉,ai1,27403,
張,ciang1,27300,
衆,ciung3,27300,
三,sae1,26761,
連,lie1,26463,
見,kiae3,26266,
放,fong3,26038,
全,zioe1,25876,
全,dzioe1,25876,
全,zae1,25876,
按,oe3,25812,
區,eu1,25334,
區,khiu1,25334,
早,tzau2,25302,
拉,lha1,25270,
拉,lah4,25270,
偶,ngeu2,24864,
本,pen2,24833,
頁,yaeh4,24679,
進,tzin3,24648,
性,sing3,24434,
弄,lung3,24374,
第,di3,24313,
完,woe1,24072,
同,dung1,24012,
花,huo1,23744,
怕,pho3,22787,
女,niu2,22702,
講,kong2,22589,
殺,sah4,22449,
組,tzu2,22421,
乾,gie1,22116,
幹,koe3,22116,
乾,koe1,22116,
干,koe1,22116,
錯,tsok4,22088,
軋,ah4,22000,
些,sia1,21951,
些,si1,21951,
住,jiu3,21924,
跑,bau1,21815,
名,ming1,21788,
次,tsy3,21278,
睡,zhui3,21225,
睡,zei3,21225,
網,mong2,21198,
網,vong2,21198,
裝,tzong1,20962,
挺,thing2,20754,
掉,diau3,20677,
王,yong1,20625,
王,wong1,20625,
圖,du1,20548,
正,cing3,20523,
正,cing1,20523,
外,nga3,20471,
外,wa3,20471,
路,lu3,20471,
二,ni3,20319,
生,sang1,20268,
應,ing3,20243,
應,ing1,20243,
頭,deu1,20243,
心,sin1,20168,
因,in1,19893,
子,tzy2,19769,
作,tzok4,19307,
作,tzou3,19307,
類,li3,19235,
類,lei3,19235,
送,sung3,19211,
每,mei2,19115,
書,sy1,19044,
書,shiu1,19044,
乖,kua1,18529,
法,fah4,18506,
拍,phak4,18299,
表,piau2,18141,
錶,piau2,18141,
市,zhy2,18050,
撒,sah4,18028,
至,cy3,17782,
接,tzih4,17760,
美,mi2,17650,
未,mi3,17562,
未,vi3,17562,
朆,feng1,17562,
𣍐,fei1,17562,
甮,fiung1,17562,
甮,fung1,17562,
辦,bae3,17518,
非,fi1,17475,
哎,ngai3,17453,
級,kih4,17388,
即,tzik4,17366,
此,tsy2,17237,
版,pae2,17087,
副,feu3,17045,
差,tso1,16939,
差,tsa,16939,
差,tsy1,16939,
差,tsa3,16939,
差,tsa1,16939,
俺,ie3,16897,
收,shieu1,16855,
男,ne1,16792,
字,zy3,16750,
字,dzy3,16750,
股,ku2,16667,
幾,ki2,16625,
幾,ki1,16625,
几,ki1,16625,
机,ki1,16625,
許,hei2,16625,
許,hiu2,16625,
許,ho2,16625,
考,khau2,16604,
兩,liang2,16584,
轉,cioe2,16584,
塊,khua3,16563,
線,sie3,16338,
周,cieu1,16297,
週,cieu1,16297,
手,shieu2,16196,
道,dau2,16155,
黃,wong1,16135,
便,bie3,16095,
便,bie1,16095,
米,mi2,15995,
聊,liau1,15975,
豬,tzy1,15935,
豬,ciu1,15935,
取,tsiu2,15876,
哇,a1,15817,
低,ti1,15738,
難,nae3,15640,
難,nae1,15640,
兒,ni1,15408,
兒,ng1,15408,
包,pau1,15389,
阿,ou1,15389,
阿,a1,15389,
阿,ah4,15389,
受,zhieu2,15389,
喝,heh4,15293,
白,bak4,15236,
金,kin1,15142,
管,kuoe2,15029,
近,gin2,15029,
四,sy3,15010,
定,ding3,14898,
夠,keu3,14732,
交,kau1,14714,
門,men1,14714,
樣,yang3,14677,
笑,siau3,14513,
李,li2,14513,
自,zy3,14405,
自,dzy3,14405,
邊,piae1,14352,
慢,mae3,14352,
刷,sioh4,14316,
黑,hek4,14316,
型,ying1,14298,
穿,chioe1,14227,
越,yoh4,14156,
位,wi3,14033,
位,wei3,14033,
貴,kui3,13963,
貴,kuei3,13963,
部,bu2,13825,
據,kei3,13756,
據,kiu3,13756,
牛,ngieu1,13739,
怪,kua3,13739,
處,tsy2,13722,
處,chiu2,13722,
處,tsy3,13722,
處,chiu3,13722,
選,sioe2,13705,
站,dzae3,13654,
倒,tau2,13603,
倒,tau3,13603,
談,dae1,13518,
羣,giun1,13451,
臺,dai1,13451,
颱,dai1,13451,
台,thai1,13451,
汗,ghoe3,13318,
汗,ghoe1,13318,
累,li2,13301,
累,lei2,13301,
經,king1,13284,
象,ziang2,13251,
變,pie3,13218,
半,poe3,13186,
數,su2,13153,
數,su3,13153,
格,kak4,13038,
面,mie3,13022,
麪,miae3,13022,
陳,jin1,12941,
五,ngu2,12861,
五,ng2,12861,
方,fong1,12765,
頂,ting2,12733,
樓,leu1,12718,
某,meu2,12623,
亂,loe3,12576,
馬,mo2,12498,
馬,ma2,12498,
遠,yoe2,12498,
條,diau1,12498,
海,hai2,12451,
相,siang3,12374,
相,siang1,12374,
單,zhie1,12374,
單,tae1,12374,
光,kuong3,12327,
光,kuong1,12327,
熱,nih4,12281,
熱,zhih4,12281,
種,ciung2,12160,
種,ciung3,12160,
掛,kua3,12144,
風,fung1,12099,
林,lin1,12069,
滿,moe2,12039,
額,ngak4,12039,
誰,zhui1,11979,
誰,zei1,11979,
化,huo3,11875,
化,ho3,11875,
班,pae1,11860,
滴,tik4,11816,
漲,ciang3,11728,
漲,ciang1,11728,
店,tiae3,11612,
關,kuae1,11612,
機,ki1,11612,
安,oe1,11597,
坐,zou2,11583,
坐,dzou2,11583,
俄,ngou1,11525,
約,iak4,11468,
飛,fi1,11468,
度,du3,11468,
劉,lieu1,11439,
歌,kou1,11397,
報,pau3,11312,
信,sin3,11312,
若,niak4,11227,
若,zhiak4,11227,
原,ngioe1,11213,
飯,vae3,11199,
晚,mae2,11186,
晚,vae2,11186,
文,men1,11186,
文,ven1,11186,
量,liang3,11116,
量,liang1,11116,
村,tsen1,11088,
式,shik4,11075,
空,khung3,10992,
空,khung1,10992,
毛,mau1,10978,
山,sae1,10951,
另,ling3,10842,
主,ciu2,10842,
伐,vah4,10721,
間,kae3,10668,
間,kae1,10668,
入,nih4,10589,
入,zhih4,10589,
貼,thiah4,10562,
佔,cie3,10562,
占,cie1,10562,
爽,song2,10536,
盤,boe1,10536,
磐,boe1,10536,
賺,dzae3,10432,
往,yong2,10406,
往,wong2,10406,
隊,dei3,10367,
楊,yang1,10328,
片,phiae3,10277,
狗,keu2,10200,
國,kuek4,10112,
國,kuk4,10112,
費,vi3,10112,
費,fi3,10112,
坏,wa3,10112,
壞,wa3,10112,
歲,sui3,10074,
歲,sei3,10074,
血,hioh4,10049,
搲,uo1,10000,
掗,o3,10000,
匚,fong1,10000,
囉,lou1,10000,
逬,pang3,10000,
槩,kai3,10000,
鎔,yung1,10000,
擼,leu1,10000,
離,li1,9937,
西,si1,9937,
龍,lung1,9924,
共,giung3,9924,
明,ming1,9887,
超,chiau1,9875,
媽,mha1,9875,
均,kiun1,9826,
切,tsih4,9716,
切,tsiah4,9716,
照,ciau3,9704,
達,dah4,9692,
留,lieu1,9584,
特,dek4,9524,
動,dung2,9465,
氣,khi3,9442,
哥,kou1,9418,
神,zhin1,9418,
甘,kae1,9371,
甘,ke1,9371,
教,kau3,9371,
夢,mung3,9302,
蠻,mae1,9290,
長,jiang1,9175,
長,ciang2,9175,
值,jik4,9175,
魚,ngei1,9175,
魚,ngiu1,9175,
魚,ng1,9175,
罵,mo3,9163,
陪,bei1,9129,
既,ki3,9095,
鎮,cin3,9073,
哭,khuk4,9073,
建,kie3,9016,
洗,si2,9016,
力,lik4,8983,
懂,tung2,8960,
雙,song1,8838,
口,kheu2,8827,
指,cy2,8783,
跌,dih4,8772,
仍,ning1,8751,
仍,zhing1,8751,
活,woh4,8740,
活,weh4,8740,
球,gieu1,8740,
練,liae3,8718,
東,tung1,8696,
清,tsing1,8578,
億,ik4,8567,
除,dzy1,8546,
除,jiu1,8546,
云,yun1,8398,
雲,yun1,8398,
通,thung1,8398,
酒,tzieu2,8304,
沖,jiung1,8294,
衝,chiung1,8294,
餓,ngou3,8284,
貓,mau1,8212,
票,phiau3,8191,
假,ko2,8140,
假,ko3,8140,
久,kieu2,8100,
病,bing3,8090,
六,luk4,8090,
畫,wak4,8040,
畫,wa3,8040,
畫,wo3,8040,
抓,tzau1,8029,
平,bing1,8010,
段,doe3,7980,
急,kih4,7980,
套,thau2,7960,
課,khou3,7950,
藥,yak4,7930,
草,tsau2,7871,
任,nin3,7851,
任,zhin3,7851,
任,nin1,7851,
任,zhin1,7851,
理,li2,7822,
城,zhing1,7812,
羅,lou1,7793,
令,ling3,7764,
貨,hou3,7754,
唱,chiang3,7744,
雨,yu2,7744,
左,tzou2,7716,
喲,yuk4,7696,
藍,lae1,7677,
搶,tsiang2,7639,
常,zhiang1,7630,
菜,tsai3,7620,
混,wen2,7535,
集,zih4,7498,
集,dzih4,7498,
感,ke2,7460,
操,tsau3,7451,
操,tsau1,7451,
火,hou2,7451,
敢,kae2,7442,
敢,ke2,7442,
較,kau3,7414,
退,thei3,7395,
房,bong1,7386,
房,vong1,7386,
南,ne1,7350,
南,noe1,7350,
臉,lae2,7322,
臉,lie2,7322,
破,phou3,7313,
件,gie2,7286,
噢,au3,7268,
呃,ak4,7259,
吳,ngu1,7222,
吳,ng1,7222,
德,tek4,7178,
借,tzia3,7169,
聲,shing1,7169,
傻,suo2,7160,
雪,sioh4,7151,
克,khek4,7151,
剋,khek4,7151,
整,cing2,7151,
喊,hae2,7142,
局,giuk4,7098,
跼,giuk4,7098,
跳,diau1,7089,
補,pu2,7071,
養,yang2,7053,
養,yang3,7053,
華,wo1,7045,
現,yae3,7027,
團,doe1,7027,
反,fae2,6966,
砸,zah4,6923,
砸,dzah4,6923,
待,dai2,6914,
篇,phie1,6897,
煩,vae1,6871,
投,deu1,6854,
根,ken1,6854,
深,shin1,6820,
求,gieu1,6812,
親,tsin1,6778,
電,diae3,6752,
配,phei3,6736,
修,sieu1,6710,
脩,sieu1,6710,
款,khuoe2,6685,
八,pah4,6677,
知,cy1,6669,
鬼,kui2,6652,
鬼,kuei2,6652,
何,ghou1,6636,
何,ga1,6636,
試,shy3,6578,
器,khi3,6578,
樂,lok4,6513,
樂,ngok4,6513,
謝,zia3,6505,
層,zeng1,6480,
層,dzeng1,6480,
木,muk4,6480,
僅,gin3,6472,
北,pek4,6464,
北,puk4,6464,
肉,niuk4,6416,
肉,zhiuk4,6416,
份,ven3,6408,
重,jiung2,6392,
重,jiung1,6392,
情,zing1,6384,
情,dzing1,6384,
趙,jiau2,6376,
需,siu1,6368,
記,ki3,6360,
七,tsih4,6313,
流,lieu1,6305,
列,lih4,6282,
升,shing1,6266,
噶,koh4,6258,
噶,keh4,6258,
招,ciau1,6258,
論,len3,6258,
論,len1,6258,
痛,thung3,6235,
率,liuh4,6211,
率,siuh4,6211,
香,hiang1,6204,
封,fung1,6204,
眼,ngae2,6142,
冷,lang2,6135,
易,yi3,6119,
付,fu3,6081,
派,pha3,6066,
帥,si3,6051,
帥,sei3,6051,
帥,siuh4,6051,
陽,yang1,6013,
胡,wu1,6006,
鬍,wu1,6006,
廠,chiang2,5991,
十,zhih4,5976,
排,ba1,5969,
油,yeu3,5961,
油,yeu1,5961,
停,ding1,5939,
樹,zhiu3,5939,
奧,au3,5814,
軍,kiun1,5771,
牌,ba1,5771,
科,khou1,5764,
身,shin1,5764,
翻,fae1,5742,
星,sing1,5735,
帖,thiah4,5721,
隨,zui1,5721,
隨,zei1,5721,
權,gioe1,5707,
泡,phau1,5700,
價,ko3,5685,
還,wae1,5685,
商,shiang1,5650,
庫,khu3,5650,
追,ciu1,5643,
追,tzei1,5643,
玉,ngiuk4,5643,
場,jiang1,5636,
須,siu1,5622,
鬚,siu1,5622,
物,meh4,5615,
物,veh4,5615,
章,ciang1,5608,
背,bei3,5608,
揹,pei3,5608,
背,pei3,5608,
丟,tieu1,5594,
丟,tuk4,5594,
厾,tuk4,5594,
朱,ciu1,5587,
硃,ciu1,5587,
寶,pau2,5580,
體,thi2,5566,
傷,shiang1,5552,
解,gha2,5545,
解,ka2,5545,
劍,kie3,5532,
偺,tzoh4,5532,
偺,tzeh4,5532,
咱,tzoh4,5532,
咱,tzeh4,5532,
代,dai3,5504,
亦,yik4,5497,
孫,sen1,5484,
業,ngih4,5470,
室,shih4,5463,
舊,gieu3,5456,
工,kung1,5450,
極,gik4,5429,
曾,zeng1,5422,
曾,dzeng1,5422,
曾,tzeng1,5422,
刀,tau1,5409,
波,pou1,5395,
鐵,thih4,5369,
詞,zy1,5362,
笨,ben2,5349,
哦,ngou1,5335,
丫,o1,5309,
証,cing3,5296,
證,cing3,5296,
推,thei1,5296,
炒,tsau2,5276,
耍,suo2,5269,
春,chiun1,5269,
輸,shiu1,5263,
騙,phie3,5243,
輕,khing1,5236,
含,ghe1,5223,
倆,liang2,5217,
韆,tsie1,5217,
千,tsiae1,5217,
江,kong1,5217,
九,kieu2,5217,
秒,miau2,5204,
短,toe2,5185,
青,tsing1,5178,
節,tzih4,5152,
夜,ya3,5146,
吹,chui1,5133,
吹,tsei1,5133,
游,yeu1,5120,
遊,yeu1,5120,
土,thu2,5101,
姐,tzia2,5089,
姐,tzi2,5089,
板,pae2,5076,
闆,pae2,5076,
贏,ying1,5076,
直,jik4,5038,
苦,khu2,5038,
公,kung1,5026,
爛,lae3,5013,
皮,bi1,5013,
秀,sieu3,5013,
君,kiun1,5013,
博,pok4,5007,
虧,khui1,4988,
虧,khuei1,4988,
存,zen1,4982,
存,dzen1,4982,
師,sy1,4963,
立,lih4,4957,
素,su3,4957,
利,li3,4951,
吾,ngu1,4951,
吾,ng1,4951,
燒,shiau1,4945,
詩,shy1,4945,
命,ming3,4908,
靜,zing2,4902,
靜,dzing2,4902,
制,ci3,4902,
製,ci3,4902,
民,min1,4896,
慾,yuk4,4883,
欲,yuk4,4883,
湯,thong1,4871,
湯,shiang1,4871,
冰,ping1,4841,
斷,doe2,4835,
斷,toe3,4835,
造,zau2,4835,
造,dzau2,4835,
忘,mong3,4829,
忘,vong3,4829,
茶,dzo1,4823,
呆,ngai1,4817,
案,oe3,4805,
抽,chieu1,4805,
田,diae1,4781,
儘,zin2,4781,
儘,dzin2,4781,
盡,zin2,4781,
盡,dzin2,4781,
盡,tzin2,4781,
供,kiung3,4781,
供,kiung1,4781,
布,pu3,4781,
抱,bau2,4769,
煙,iae1,4763,
菸,iae1,4763,
初,tsu1,4757,
野,ya2,4734,
品,phin2,4693,
緊,kin2,4681,
項,ghong2,4675,
綠,luk4,4675,
故,ku3,4669,
簽,tsie1,4658,
籤,tsie1,4658,
服,vuk4,4634,
囌,su1,4634,
甦,su1,4634,
蘇,su1,4634,
獎,tziang2,4629,
兵,ping1,4611,
演,ye2,4606,
填,diae1,4606,
英,ing1,4588,
百,pak4,4588,
嘴,tzui2,4583,
嘴,tzei2,4583,
般,pae1,4577,
般,boe1,4577,
挖,ah4,4566,
准,ciun2,4543,
準,ciun2,4543,
保,pau2,4532,
果,kou2,4532,
硬,ngang3,4526,
凡,vae1,4520,
寒,ghoe1,4520,
挑,thiau2,4515,
挑,thiau1,4515,
唐,dong1,4509,
莫,mok4,4509,
莫,mak4,4509,
雞,ki1,4509,
夏,gho2,4503,
夏,gho3,4503,
寄,ki3,4492,
防,vong1,4470,
防,bong1,4470,
言,ngie1,4470,
鬧,nau3,4470,
竟,king3,4453,
純,zhiun1,4448,
距,gei2,4448,
距,giu2,4448,
題,di1,4442,
官,kuoe1,4437,
余,yi1,4431,
余,yu1,4431,
餘,yi1,4431,
餘,yu1,4431,
源,ngioe1,4426,
街,ka1,4420,
座,zou3,4409,
座,dzou3,4409,
思,sy1,4404,
古,ku2,4404,
刪,sae1,4393,
亮,liang3,4387,
燈,teng1,4376,
窮,giung1,4376,
郭,kok4,4365,
橋,giau1,4360,
黨,tong2,4354,
爆,pau3,4354,
爆,bau3,4354,
首,shieu2,4344,
粉,fen2,4338,
唸,niae3,4327,
念,niae3,4327,
鍾,ciung1,4317,
鐘,ciung1,4317,
疼,deng1,4306,
戴,tai3,4306,
然,nie1,4290,
然,zhie1,4290,
韓,ghoe1,4279,
扣,kheu3,4258,
釦,kheu3,4258,
租,tzu1,4253,
狼,long1,4237,
捏,niah4,4237,
港,kong2,4237,
蓋,kai3,4231,
雷,lei1,4231,
狂,giong1,4205,
狂,guong1,4205,
蘭,lae1,4205,
引,yin2,4195,
壓,ah4,4148,
梁,liang1,4148,
佛,veh4,4148,
彿,veh4,4148,
猛,mang2,4138,
船,zhioe1,4132,
今,kin1,4112,
齊,zi1,4112,
齊,dzi1,4112,
亞,o3,4107,
亞,ia3,4107,
托,thok4,4107,
託,thok4,4107,
恨,ghen3,4102,
賽,sai3,4086,
客,khak4,4081,
宋,sung3,4081,
斯,sy1,4076,
沙,so1,4071,
沙,sa1,4071,
腿,thei2,4066,
領,ling2,4061,
銀,ngin1,4061,
碼,mo2,4046,
雖,sui1,4041,
雖,sei1,4041,
友,yeu2,4041,
祝,ciuk4,4031,
員,yoe1,4026,
丁,ting1,4011,
望,mong3,3996,
望,vong3,3996,
戰,cie3,3991,
缺,khiuh4,3991,
食,zhik4,3981,
牀,zong1,3976,
牀,dzong1,3976,
抗,khong3,3971,
賊,zek4,3971,
賊,dzek4,3971,
鄉,hiang1,3961,
界,ka3,3961,
河,ghou1,3946,
困,khuen3,3946,
睏,khuen3,3946,
鄭,jing3,3941,
鬆,sung1,3941,
松,zung1,3941,
步,bu3,3931,
摺,cih4,3927,
折,zhih4,3927,
折,cih4,3927,
園,yoe1,3927,
羊,yang1,3912,
尚,zhiang3,3912,
福,fuk4,3902,
寧,ning1,3897,
寧,ning1,3897,
必,pih4,3878,
遭,tzau1,3873,
猜,tsai1,3859,
伊,i1,3849,
伊,yi1,3849,
秋,tsieu1,3839,
鞦,tsieu1,3839,
端,toe1,3825,
插,tsah4,3811,
滾,kuen2,3811,
滾,kuen2,3811,
毒,duk4,3811,
熊,yung1,3811,
穫,ghok4,3801,
獲,wak4,3801,
秦,zin1,3797,
秦,dzin1,3797,
捲,gioe1,3792,
捲,kioe2,3792,
卷,kioe3,3792,
持,jy1,3792,
設,shih4,3787,
架,ko3,3782,
歸,kui1,3754,
歸,kuei1,3754,
餵,iu3,3754,
喂,uei1,3754,
廣,kuong2,3745,
踢,thik4,3745,
靈,ling1,3722,
搬,poe1,3708,
迷,mi1,3703,
勝,shing3,3699,
勝,shing1,3699,
趕,koe2,3694,
意,i3,3694,
基,ki1,3694,
乃,nai2,3671,
迺,nai2,3671,
甲,kah4,3666,
拖,thou1,3653,
摸,mok4,3639,
史,sy2,3635,
右,yeu2,3635,
慘,tse2,3630,
爸,pa2,3625,
塔,thah4,3616,
訂,ting3,3616,
紙,cy2,3607,
散,sae2,3585,
散,sae3,3585,
姓,sing3,3576,
呈,jing1,3576,
洋,yang1,3567,
嘎,kah4,3558,
咬,ngau2,3558,
喜,hi2,3558,
閃,shie2,3554,
富,feu3,3549,
治,jy3,3536,
漢,hoe3,3523,
料,liau3,3523,
院,yoe3,3519,
批,phi1,3519,
逛,kiong2,3514,
逛,kuong2,3514,
峯,fung1,3510,
醒,sing2,3506,
狠,ghen2,3506,
爬,bo1,3501,
咧,lih4,3501,
梅,mei1,3492,
降,ghong1,3488,
降,kong3,3488,
瘦,seu3,3488,
結,kih4,3484,
戶,wu2,3479,
戶,wu2,3479,
瘋,fung1,3471,
偷,theu1,3462,
語,ngei2,3458,
語,ngiu2,3458,
槍,tsiang1,3453,
踩,tsai2,3453,
足,tzuk4,3449,
精,tzing1,3445,
志,cy3,3436,
誌,cy3,3436,
支,cy1,3428,
呵,hou1,3423,
呵,hou1,3423,
軟,nioe2,3419,
軟,zhioe2,3419,
杜,du2,3411,
讚,tzae3,3402,
贊,tzae3,3402,
依,i1,3390,
麗,li1,3385,
麗,li3,3385,
康,khong1,3377,
展,cie2,3377,
興,hing3,3373,
興,hing1,3373,
救,kieu3,3373,
倍,bei2,3368,
堂,dong1,3364,
鞋,gha1,3364,
愿,ngioe3,3339,
願,ngioe3,3339,
鍵,gie2,3306,
冒,mau3,3290,
守,shieu2,3290,
音,in1,3290,
觀,kuoe3,3281,
觀,kuoe1,3281,
弱,niak4,3273,
弱,zhiak4,3273,
仲,jiung3,3273,
替,thi3,3257,
世,shi3,3253,
筆,pih4,3249,
閑,ghae1,3241,
閒,ghae1,3241,
逼,pik4,3237,
牙,ngo1,3233,
牙,nga1,3233,
榮,yang1,3233,
榮,yung1,3233,
舞,mu2,3233,
舞,vu2,3233,
着,jiak4,3225,
着,ciak4,3225,
着,cik4,3225,
著,tzy3,3225,
著,ciu3,3225,
遍,piae3,3213,
行,ghong1,3209,
影,ing2,3209,
行,ghang1,3209,
麴,khiuk4,3201,
曲,khiuk4,3201,
丑,chieu2,3197,
醜,chieu2,3197,
巴,po1,3193,
巴,pa1,3193,
州,cieu1,3193,
測,tsik4,3189,
狀,zong3,3181,
狀,dzong3,3181,
寬,khuoe1,3177,
箱,siang1,3161,
武,mu2,3161,
武,vu2,3161,
程,jing1,3157,
莊,tzong1,3153,
偏,phie1,3153,
細,si3,3153,
耶,ya1,3149,
聯,lie1,3141,
湖,wu1,3137,
曬,so3,3130,
柳,lieu2,3130,
曬,sa3,3130,
鎖,sou2,3122,
印,in3,3118,
味,mi3,3099,
味,vi3,3099,
紫,tzy2,3099,
環,wae1,3091,
環,guae,3091,
零,ling1,3091,
答,teh4,3087,
答,tah4,3087,
實,zhih4,3087,
娘,niang1,3079,
厚,geu2,3079,
厚,gheu2,3079,
懶,lae2,3072,
標,piau1,3068,
寸,tsen3,3068,
兼,kiae1,3049,
孔,khung2,3045,
歐,eu1,3041,
勒,lek4,3034,
悶,men3,3034,
滅,mih4,3026,
島,tau2,3026,
登,teng1,3026,
顧,ku3,3015,
瓦,nguo2,3011,
運,yun3,3011,
拋,phau3,3004,
拋,phau1,3004,
順,zhiun3,3004,
寔,zhih4,3000,
喺,ghai1,3000,
雅,ngo2,2996,
司,sy1,2981,
溫,uen1,2981,
輪,liun1,2977,
微,mi1,2970,
微,vi1,2970,
社,zhia2,2966,
傑,gih4,2963,
杰,gih4,2963,
奶,na2,2952,
杯,pei1,2948,
盃,pei1,2948,
搜,seu1,2944,
蒐,seu1,2944,
憑,bing1,2937,
居,kei1,2926,
居,kiu1,2926,
魔,mou1,2922,
洞,dung3,2922,
編,piae1,2919,
虎,hu2,2911,
佳,ka1,2904,
充,chiung1,2904,
川,chioe1,2883,
酸,soe1,2875,
形,ying1,2865,
牆,ziang1,2861,
牆,dziang1,2861,
圓,yoe1,2854,
害,ghai3,2854,
檔,tong1,2850,
負,veu2,2850,
嘍,leu1,2847,
範,vae2,2843,
范,vae2,2843,
糖,dong1,2840,
煮,tzy2,2836,
煮,ciu2,2836,
擬,ngi2,2833,
緻,cy3,2826,
致,cy3,2826,
屁,phi3,2822,
穩,uen2,2822,
景,king2,2819,
覺,kau3,2815,
覺,kok4,2815,
碰,phong1,2812,
碰,bang3,2812,
吐,thu2,2812,
吐,thu3,2812,
肥,vi1,2808,
肥,bi,2808,
注,ciu3,2808,
註,ciu3,2808,
欠,khie3,2805,
免,mie2,2805,
蛋,dae3,2805,
掙,tzang3,2794,
曉,hiau2,2791,
曹,zau1,2791,
曹,dzau1,2791,
侯,gheu1,2784,
良,liang1,2770,
脫,thoh4,2753,
脫,theh4,2753,
擦,tsah4,2753,
暗,e3,2749,
仙,sie1,2749,
砍,khe2,2746,
伕,fu1,2742,
夫,fu1,2742,
兄,hiang1,2729,
兄,hiung1,2729,
爾,ni2,2729,
爾,el2,2729,
皆,ka1,2725,
琴,gin1,2722,
創,tsong3,2712,
創,tsong1,2712,
永,yang2,2712,
永,yung2,2712,
宮,kiung1,2702,
繼,ki3,2685,
穀,kuk4,2678,
谷,kuk4,2678,
宏,wang1,2665,
宏,ghung1,2665,
專,cioe1,2662,
施,shy1,2662,
錄,luk4,2662,
善,zhie2,2658,
增,tzeng1,2658,
例,li3,2655,
稅,shui3,2652,
稅,sei3,2652,
產,sae2,2648,
嫩,nen3,2645,
肯,kheng2,2642,
麻,mo1,2635,
麻,ma1,2635,
押,ah4,2635,
視,zhy3,2625,
橫,wang3,2622,
橫,wang1,2622,
怒,nu3,2622,
扔,ning1,2619,
扔,zhing1,2619,
母,meu2,2619,
忍,nin2,2612,
忍,zhin2,2612,
腰,iau1,2606,
宗,tzung1,2593,
淚,li3,2586,
淚,lei3,2586,
肖,siau3,2577,
淨,zing3,2577,
淨,dzing3,2577,
敏,min2,2573,
吵,tsau2,2570,
罪,zei2,2567,
罪,dzei2,2567,
爭,tzang1,2564,
偉,wi2,2561,
偉,wei2,2561,
響,hiang2,2554,
鄧,deng3,2554,
棒,bong2,2554,
減,kae2,2548,
斗,teu2,2548,
鬥,teu3,2548,
鬭,teu3,2548,
告,kau3,2532,
拆,tsak4,2529,
聖,shing3,2529,
吉,kih4,2529,
聞,men1,2526,
聞,ven1,2526,
蔡,tsa3,2526,
末,moh4,2523,
末,meh4,2523,
雜,zeh4,2519,
雜,dzah4,2519,
雜,zah4,2519,
衣,i1,2516,
麥,mak4,2513,
馮,bing1,2510,
馮,vung1,2510,
妹,mei3,2507,
塞,sek4,2504,
義,ngi3,2504,
尼,ni1,2504,
董,tung2,2494,
潘,phoe1,2491,
醉,tzui3,2491,
醉,tzei3,2491,
耐,nai3,2491,
宇,yu2,2482,
絲,sy1,2479,
計,ki3,2476,
姜,kiang1,2467,
薑,kiang1,2467,
抄,tsau1,2467,
宜,ngi1,2457,
蔣,tziang1,2451,
核,ghak4,2445,
覈,ghak4,2445,
維,wi1,2445,
維,vi1,2445,
灰,huei1,2442,
鋼,kong1,2439,
催,tsei1,2436,
楚,tsu2,2427,
屋,uk4,2421,
丹,tae1,2418,
認,nin3,2412,
認,zhin3,2412,
乘,zhing3,2409,
乘,zhing1,2409,
返,fae2,2406,
俊,tzin3,2406,
榜,pong2,2403,
芳,fong1,2403,
礦,khuong3,2400,
撳,khin1,2400,
仁,nin1,2400,
仁,zhin1,2400,
瑞,zhui3,2391,
瑞,zei3,2391,
嚴,ngie1,2385,
添,thiae1,2385,
評,bing1,2385,
酷,khuk4,2385,
絕,zioh4,2382,
絕,dzioh4,2382,
飄,phiau1,2376,
幣,bi3,2376,
威,ui1,2373,
威,uei1,2373,
刻,khek4,2370,
擺,pa2,2364,
炸,tzo3,2358,
犯,vae2,2350,
京,king1,2347,
魯,lu2,2347,
銅,gioe3,2344,
擠,tzi2,2344,
具,giu3,2344,
屆,ka3,2341,
瓶,bing1,2338,
密,mih4,2338,
骨,kueh4,2332,
黎,li1,2323,
射,zhia3,2318,
射,zhia3,2318,
館,kuoe3,2318,
農,nung1,2318,
士,zy2,2309,
士,dzy2,2309,
索,sok4,2303,
顯,hiae2,2300,
拼,pang1,2300,
拼,phing1,2300,
季,kui3,2300,
季,kuei3,2300,
尋,zin1,2300,
族,zuk4,2300,
族,dzuk4,2300,
洪,ghung1,2297,
巨,gei2,2292,
巨,giu2,2292,
厄,ak4,2289,
廳,thing1,2289,
容,yung1,2278,
輝,hui1,2272,
輝,huei1,2272,
智,cy3,2272,
復,vuk4,2272,
復,fuk4,2272,
複,fuk4,2272,
普,phu2,2269,
劇,giak4,2266,
採,tsai2,2263,
采,tsai2,2263,
扯,chia2,2261,
燕,iae3,2261,
燕,iae1,2261,
竹,ciuk4,2261,
腦,nau2,2258,
撞,dzong3,2258,
禮,li2,2255,
聚,ziu2,2255,
聚,dziu2,2255,
膜,mok4,2247,
訊,sin3,2247,
膜,mu1,2247,
諾,nok4,2244,
搭,teh4,2238,
搭,tah4,2238,
搭,tah4,2238,
魏,ngui3,2238,
魏,wei3,2238,
澤,dzak4,2235,
胃,wi3,2227,
胃,wei3,2227,
曰,yoh4,2224,
鑽,tzoe3,2213,
鑽,tzoe1,2213,
彭,bang1,2213,
袁,yoe1,2210,
鳳,vung3,2210,
呂,li2,2205,
呂,liu2,2205,
窩,ou1,2199,
涼,liang1,2197,
陰,in1,2194,
濛,mung1,2191,
矇,mung1,2191,
蒙,mung1,2191,
躲,tou2,2188,
賴,la3,2186,
堆,tei1,2183,
甜,diae1,2180,
赴,fu3,2178,
鹽,ye3,2175,
鹽,ye1,2175,
勁,king3,2175,
孟,mang3,2172,
粗,tsu1,2172,
舉,kei2,2164,
舉,kiu2,2164,
甚,zhin3,2161,
載,zai3,2159,
載,dzai3,2159,
載,tzai2,2159,
載,tzai3,2159,
帳,ciang3,2156,
申,shin1,2151,
勸,khioe3,2132,
瞎,hah4,2132,
訓,hiun3,2132,
駐,ciu3,2132,
惹,nia2,2129,
逃,dau1,2129,
休,hieu1,2127,
彩,tsai2,2127,
綵,tsai2,2127,
獨,duk4,2124,
慶,khing3,2119,
倉,tsong1,2113,
斤,kin1,2111,
浪,long3,2108,
姚,yau1,2108,
喇,lah4,2106,
納,neh4,2103,
納,nah4,2103,
針,cin1,2103,
嘉,ko1,2100,
噸,ten3,2100,
忠,ciung1,2098,
吸,hih4,2095,
森,sin1,2095,
泰,tha3,2095,
蕭,siau1,2092,
跨,khuo3,2090,
功,kung1,2090,
症,cing1,2079,
癥,cing1,2079,
貝,pei3,2074,
哼,hang1,2072,
灌,kuoe3,2064,
緣,yoe1,2061,
蛇,zhia1,2059,
噴,phen3,2059,
衛,wi3,2059,
衛,wei3,2059,
盧,lu1,2059,
盒,gheh4,2054,
井,tzing2,2051,
導,dau3,2043,
略,liak4,2038,
吊,tiau3,2033,
弔,tiau3,2033,
掃,sau2,2033,
掃,sau3,2033,
拜,pa3,2033,
購,keu3,2028,
賤,zie3,2026,
賤,dzie3,2026,
飲,in2,2026,
調,diau3,2023,
調,diau1,2023,
昏,huen1,2021,
虛,hei1,2018,
虛,hiu1,2018,
敲,khau1,2016,
岩,ngae1,2003,
巖,ngae1,2003,
巧,khau2,2001,
寺,zy3,2001,
埋,ma1,2001,
壗,hang3,2000,
壗,hang2,2000,
㑢,khik4,2000,
㥰,sau3,2000,
娜,nou2,1998,
冬,tung1,1996,
鼕,tung1,1996,
儂,nung1,1991,
愁,zeu1,1988,
愁,dzeu1,1988,
凱,khai2,1983,
目,muk4,1983,
淡,dae2,1981,
優,ieu1,1968,
虫,hui2,1966,
虫,huei2,1966,
蟲,jiung1,1966,
池,jy1,1964,
彙,wi3,1959,
彙,wei3,1959,
匯,wei2,1959,
薩,sah4,1956,
泥,ni1,1944,
勇,yung2,1939,
懷,wa1,1932,
揚,yang1,1930,
颺,yang1,1930,
遲,jy1,1930,
鋪,phu3,1930,
鋪,phu1,1930,
磨,mou3,1925,
磨,mou1,1925,
怎,cin2,1920,
呼,hu1,1920,
呼,hu1,1920,
賭,tu2,1920,
喬,giau1,1913,
塗,dzo1,1910,
塗,du1,1910,
財,zai1,1906,
財,dzai1,1906,
欄,lae1,1903,
遇,ngiu3,1894,
泉,zioe1,1889,
泉,dzioe1,1889,
薛,sih4,1889,
汪,uong1,1887,
稍,sau1,1887,
嫁,ko3,1884,
鍋,kou1,1884,
終,ciung1,1882,
攻,kung1,1880,
扎,tzah4,1873,
紮,tzah4,1873,
質,cih4,1873,
叼,tiau1,1868,
娃,a1,1868,
隔,kak4,1866,
賠,bei1,1866,
祥,ziang1,1863,
呐,neh4,1861,
液,yik4,1859,
豆,deu3,1856,
碗,uoe2,1854,
繞,niau2,1854,
繞,zhiau2,1854,
繞,niau3,1854,
繞,zhiau3,1854,
旺,yong3,1852,
旺,wong3,1852,
佐,tzou3,1852,
漏,leu3,1850,
湊,tseu3,1847,
雄,yung1,1845,
委,ui2,1840,
委,uei2,1840,
臨,lin1,1838,
溼,shih4,1838,
吻,men2,1838,
吻,ven2,1838,
框,khiong1,1836,
框,khuong1,1836,
崔,tsei1,1836,
探,the3,1829,
胸,hiung1,1827,
碟,diah4,1824,
洛,lok4,1822,
輛,liang3,1820,
健,gie3,1820,
頓,ten3,1820,
速,suk4,1820,
拔,bah4,1815,
唯,wi2,1815,
唯,vi2,1815,
唯,wi1,1815,
唯,vi1,1815,
暴,bau3,1813,
失,shih4,1804,
溝,keu1,1802,
儀,ngi1,1797,
郎,long1,1793,
尿,niau3,1791,
臟,zong3,1786,
臟,dzong3,1786,
髒,tzong1,1786,
希,hi1,1784,
逗,deu3,1784,
惠,wi3,1777,
惠,wei3,1777,
珠,ciu1,1777,
菲,fi2,1773,
菲,fi1,1773,
譚,de1,1771,
透,theu3,1771,
凌,ling1,1764,
府,fu2,1757,
播,pou3,1755,
父,vu2,1755,
嫌,yae1,1751,
窗,tsong1,1744,
耳,ni2,1740,
殘,zae1,1738,
殘,dzae1,1738,
磚,cioe1,1731,
昌,chiang1,1729,
患,wae3,1729,
陣,jin3,1729,
撿,kie2,1723,
扁,phie1,1723,
扁,biae2,1723,
扁,piae2,1723,
苗,miau1,1723,
哩,li2,1723,
廢,fi3,1723,
帝,ti3,1718,
剪,tzie2,1712,
稿,kau2,1710,
陶,dau1,1708,
坑,khang1,1708,
邦,pong1,1708,
營,ying1,1701,
熬,ngau1,1693,
劑,zi3,1693,
劑,dzi3,1693,
舒,sy1,1693,
舒,shiu1,1693,
玲,ling1,1689,
甩,huei3,1689,
豐,fung1,1689,
模,mu1,1689,
模,m1,1689,
糢,mu1,1689,
糢,m1,1689,
賢,yae1,1687,
撥,poh4,1684,
撥,peh4,1684,
趁,chin3,1684,
棟,tung3,1682,
羽,yu2,1682,
沿,yoe1,1672,
乙,ih4,1670,
盜,dau3,1668,
伴,boe2,1657,
妖,iau1,1653,
尊,tzen1,1653,
幽,ieu1,1647,
琳,lin1,1647,
錦,kin2,1647,
域,yuk4,1643,
域,yuh4,1643,
瓜,kuo1,1641,
瓜,kua1,1641,
袋,dai3,1637,
限,ghae2,1635,
浩,ghau2,1631,
霜,song1,1629,
豪,ghau1,1625,
置,cy3,1619,
俾,pi2,1617,
祖,tzu2,1615,
夸,khuo1,1613,
誇,khuo1,1613,
玄,yoe1,1613,
顏,ngae1,1613,
顔,ngae1,1613,
驚,king1,1611,
肺,fi3,1611,
煤,mei1,1609,
辣,lah4,1603,
趟,tzang3,1603,
濤,dau1,1601,
附,vu3,1595,
遂,zui3,1593,
遂,zei3,1593,
划,wo1,1591,
劃,wak4,1591,
恆,gheng1,1589,
欣,hin1,1587,
墨,mek4,1585,
圍,wi1,1581,
圍,wei1,1581,
剩,zhing3,1579,
娶,tsiu3,1577,
慧,wi3,1573,
慧,wei3,1573,
鮮,sie2,1571,
鮮,sie1,1571,
備,bi3,1571,
撤,jih4,1563,
助,zu3,1559,
助,dzu3,1559,
撐,tsang1,1557,
沉,jin1,1555,
諸,tzy1,1555,
諸,ciu1,1555,
險,hie2,1551,
鵬,bang1,1549,
震,cin3,1549,
兆,jiau2,1548,
割,koh4,1546,
割,keh4,1546,
烤,khau2,1546,
控,khung3,1542,
暨,ki3,1540,
賀,ghou3,1538,
兇,hiung1,1534,
凶,hiung1,1534,
鋒,fung1,1532,
童,dung1,1528,
擋,tong2,1525,
擋,tong3,1525,
飾,shik4,1525,
戀,lioe3,1521,
誠,zhing1,1521,
馨,hing1,1521,
殼,khok4,1521,
濃,niung1,1519,
軒,hie1,1517,
振,cin3,1517,
晴,zing1,1513,
晴,dzing1,1513,
庭,ding1,1513,
坊,fong1,1509,
靚,zing3,1509,
靚,dzing3,1509,
曼,mae3,1506,
曼,vae3,1506,
鏡,king3,1506,
晨,zhin1,1506,
魂,wen1,1506,
肝,koe1,1504,
益,ik4,1504,
征,cing1,1502,
徵,cing1,1502,
禁,kin3,1502,
禁,kin1,1502,
爹,tia1,1498,
粥,ciuk4,1498,
盾,den2,1496,
炎,ye1,1493,
塵,jin1,1493,
消,siau1,1489,
喃,nae1,1485,
豔,ye3,1481,
犬,khioe2,1481,
紀,ki2,1480,
楓,fung1,1478,
己,ki2,1476,
昂,ngong1,1474,
暖,noe2,1474,
妞,nieu2,1474,
隆,lung1,1472,
柱,jiu2,1472,
奔,pen3,1469,
奔,pen1,1469,
敗,ba3,1469,
滑,ghah4,1467,
政,cing3,1467,
廖,liau3,1463,
妻,tsi1,1463,
誤,ngu3,1463,
誤,ng3,1463,
尹,yun2,1459,
捨,shia2,1452,
舍,shia3,1452,
刺,tsy3,1445,
滬,wu2,1441,
弓,kiung1,1436,
邱,khieu1,1432,
蓮,liae1,1431,
潤,niun3,1431,
潤,zhiun3,1431,
撈,lau1,1427,
冠,kuoe3,1425,
冠,kuoe1,1425,
止,cy2,1425,
婚,huen1,1425,
兔,thu3,1422,
舔,thiae2,1418,
躺,thong2,1416,
灣,uae1,1416,
仔,tzy2,1416,
桑,song1,1415,
鑫,hin1,1415,
鏈,lie1,1411,
飽,pau2,1411,
敬,king3,1409,
促,tsuk4,1409,
烏,u1,1409,
迪,dik4,1408,
咪,mi2,1406,
蒸,cing1,1404,
閣,kok4,1399,
串,chioe3,1399,
愈,yu2,1399,
瘉,yu2,1399,
癒,yu2,1399,
承,zhing1,1397,
摔,siuh4,1397,
桿,koe3,1394,
潮,jiau1,1394,
勤,gin1,1394,
碎,sei3,1392,
醫,i1,1390,
臣,zhin1,1390,
鼠,sy2,1388,
鼠,shiu2,1388,
葛,koh4,1383,
葛,keh4,1383,
邪,ya1,1380,
邪,zia1,1380,
吼,heu2,1376,
妙,miau3,1375,
始,shy2,1371,
珍,cin1,1371,
俗,zuk4,1370,
迎,nging1,1368,
續,zuk4,1364,
抬,dai1,1363,
辛,sin1,1361,
歪,ua1,1361,
售,zhieu3,1358,
膠,kau1,1356,
膠,ghau1,1356,
倫,liun1,1356,
啓,khi2,1356,
研,ngiae1,1354,
捧,fung2,1354,
晃,wong2,1353,
符,vu1,1353,
苑,ioe2,1349,
韋,wi1,1349,
韋,wei1,1349,
爺,ya1,1348,
霧,mu3,1346,
霧,vu3,1346,
亭,ding1,1344,
刮,kah4,1343,
颳,kah4,1343,
獸,shieu3,1341,
哄,ghung3,1341,
鬨,ghung3,1341,
尤,yeu1,1339,
鄒,tzeu1,1334,
鳴,ming1,1333,
嗨,hai2,1333,
罰,vah4,1329,
旗,gi1,1329,
卓,tzok4,1329,
積,tzik4,1323,
斜,zia1,1318,
湘,siang1,1318,
鋁,li2,1318,
鋁,liu2,1318,
歡,huoe1,1313,
預,yi3,1313,
預,yu3,1313,
乎,hu1,1311,
枝,cy1,1309,
芬,fen1,1301,
溪,khi1,1301,
谿,khi1,1301,
洲,cieu1,1298,
鴨,ah4,1296,
捐,yoe1,1293,
崗,kong1,1288,
軸,jiuk4,1287,
翔,ziang1,1282,
簡,kae2,1282,
勾,keu1,1280,
堵,tu2,1280,
攜,wi1,1277,
攜,wei1,1277,
染,nie2,1276,
染,zhie2,1276,
餅,ping2,1276,
矣,yi2,1276,
萍,bing1,1274,
罷,ba2,1274,
餐,tsae1,1272,
餐,tsoe1,1272,
隱,in2,1272,
逸,yih4,1266,
戒,ka3,1266,
荷,ghou1,1265,
岳,ngok4,1265,
嶽,ngok4,1265,
貸,thai3,1265,
憋,pih4,1261,
仿,fong2,1252,
倣,fong2,1252,
腎,zhin2,1252,
朗,long2,1249,
異,yi3,1249,
桂,kui3,1247,
桂,kuei3,1247,
撲,phuk4,1247,
瞧,ziau1,1246,
瞧,dziau1,1246,
顆,khou2,1246,
鴻,ghung1,1246,
彎,uae1,1244,
霞,gho1,1240,
晶,tzing1,1240,
朝,jiau1,1238,
朝,ciau1,1238,
延,ye1,1233,
箭,tzie3,1233,
棉,mie1,1232,
鼓,ku2,1232,
籍,zik4,1229,
籍,dzik4,1229,
桌,tzok4,1227,
互,wu3,1223,
瑪,mo2,1221,
瑪,ma2,1221,
坤,khuen1,1221,
藝,ngi3,1221,
私,sy1,1220,
柔,nieu1,1215,
柔,zhieu1,1215,
眉,mi1,1214,
勿,meh4,1214,
勿,veh4,1214,
傾,khing1,1211,
檢,kie2,1209,
騰,deng1,1209,
焦,tziau1,1205,
碧,piak4,1203,
資,tzy1,1203,
弟,di2,1203,
浴,yuk4,1203,
畝,meu2,1202,
畝,m2,1202,
盆,ben1,1202,
燙,thong3,1200,
毀,hui2,1200,
毀,huei2,1200,
燬,hui2,1200,
燬,huei2,1200,
皇,wong1,1199,
粒,lih4,1193,
汁,cih4,1193,
傘,sae2,1190,
萊,lai1,1188,
潔,kih4,1187,
涵,ghe1,1185,
涵,ge1,1185,
哲,cih4,1185,
企,khi2,1179,
嶺,ling2,1178,
叔,shiuk4,1178,
浜,pang1,1173,
護,wu3,1173,
屎,shy2,1170,
衰,si1,1170,
衰,sei1,1170,
衰,tsei1,1170,
翼,yik4,1166,
盟,ming1,1166,
盟,mang1,1166,
判,phoe3,1165,
鈣,kai3,1165,
妮,ni1,1163,
傅,fu3,1163,
驢,li1,1162,
驢,liu1,1162,
銘,ming1,1160,
邁,ma3,1160,
柯,kou1,1159,
寵,chiung2,1156,
桶,dung2,1155,
殿,diae3,1153,
菌,giun2,1152,
敵,dik4,1150,
淫,yin1,1150,
航,ghong1,1145,
旭,hiuk4,1145,
棋,gi1,1142,
訪,fong3,1140,
拽,yeh4,1139,
翠,tsui3,1136,
翠,tsei3,1136,
坡,phou1,1135,
鷹,ing1,1133,
紋,men1,1133,
紋,ven1,1133,
孝,hau3,1132,
赤,chiak4,1130,
譯,yik4,1129,
技,gi2,1129,
挨,a1,1128,
肩,kiae1,1126,
勞,lau1,1126,
露,lu3,1126,
予,yi2,1126,
予,yu2,1126,
冊,tsak4,1123,
介,ka3,1122,
培,bei1,1119,
融,yung1,1118,
移,yi1,1116,
韻,yun3,1115,
畢,pih4,1112,
勢,shi3,1112,
截,zih4,1108,
截,dzih4,1108,
薇,mi1,1108,
薇,vi1,1108,
渡,du3,1108,
扶,vu1,1107,
啃,khen2,1105,
壯,tzong3,1103,
摘,tzak4,1103,
宅,dzak4,1101,
盼,phae3,1100,
耗,hau3,1100,
搖,yau1,1097,
莉,li3,1093,
孤,ku1,1092,
乳,niu2,1092,
乳,zhiu2,1092,
錫,sik4,1090,
奪,doh4,1083,
奪,deh4,1083,
確,khok4,1082,
醋,tsu3,1082,
握,ok4,1081,
損,sen2,1081,
旅,li2,1081,
旅,liu2,1081,
帕,pho3,1079,
帕,pha3,1079,
拳,gioe1,1079,
芯,sin1,1078,
頗,phou1,1077,
奴,nu1,1077,
宣,sioe1,1075,
擊,kik4,1074,
咸,ghae1,1073,
鹹,ghae1,1073,
鹹,kae2,1073,
尖,tzie1,1070,
姬,ki1,1070,
邵,zhiau3,1069,
伍,ngu2,1069,
伍,ng2,1069,
討,thau2,1067,
酶,mei1,1067,
掌,ciang2,1063,
桃,dau1,1059,
規,kui1,1058,
規,kuei1,1058,
謀,meu1,1058,
壽,zhieu3,1058,
逢,vung1,1058,
墊,tiae3,1057,
穆,muk4,1057,
暫,zae3,1055,
暫,dzae3,1055,
膩,ni3,1055,
龜,kui1,1054,
龜,kuei1,1054,
龜,kieu1,1054,
矮,a2,1054,
廟,miau3,1053,
職,cik4,1051,
朵,tou2,1051,
霍,hok4,1049,
綁,pong2,1046,
菊,kiuk4,1046,
闖,tsiang2,1044,
闖,tsong2,1044,
辭,zy1,1044,
壁,pik4,1041,
枕,cin2,1038,
漸,zie2,1037,
漸,dzie2,1037,
岸,ngoe3,1036,
膽,tae2,1035,
婆,bou1,1035,
嘗,zhiang1,1032,
嚐,zhiang1,1032,
晉,tzin3,1032,
虹,ghung1,1032,
凝,nging1,1031,
弦,yae1,1029,
絃,yae1,1029,
澡,tzau2,1029,
避,bi3,1029,
貪,the1,1028,
抵,ti2,1028,
牴,ti2,1028,
息,sik4,1027,
俱,kiu1,1027,
丸,woe1,1024,
騷,sau1,1022,
塘,dong1,1020,
蝶,diah4,1018,
漆,tsih4,1018,
郝,hok4,1012,
穴,yoh4,1009,
芝,cy1,1009,
浮,veu1,1008,
材,zai1,1005,
材,dzai1,1005,
娟,kioe1,1004,
耀,yau3,1004,
萌,mang1,1004,
縫,vung3,1004,
縫,vung1,1004,
蹭,tseng3,1002,
癢,yang2,1000,
烈,lih4,1000,
稜,leng1,1000,
哔,pi3,1000,
哔,bi1,1000,
如,na1,1000,
然,nen1,1000,
何,ha1,1000,
槽,zau1,997,
槽,dzau1,997,
伸,shin1,997,
翁,ung1,995,
盈,ying1,994,
櫃,gui3,994,
櫃,guei3,994,
審,shin2,993,
渣,tzo1,989,
斑,pae1,989,
恐,khiung2,985,
悲,pi1,983,
悲,pei1,983,
溜,lieu3,982,
爐,lu1,982,
幻,wae3,981,
逆,ngiak4,981,
僞,ngui3,978,
僞,wei3,978,
柴,za1,978,
柴,dza1,978,
券,khioe3,977,
固,ku3,977,
抖,teu2,976,
斬,tzae2,974,
悅,yoh4,974,
屈,khiuh4,973,
脈,mak4,972,
衫,sae1,970,
糧,liang1,968,
怨,ioe3,968,
忽,hueh4,968,
彬,pin1,967,
凍,tung3,967,
獻,hie3,966,
熙,hi1,965,
薄,bok4,962,
薄,bek4,962,
胎,thai1,962,
賞,shiang2,955,
茲,tzy1,955,
鹿,luk4,955,
津,tzin1,954,
遞,di3,954,
枚,mei1,952,
卿,khing1,950,
函,ghae1,949,
函,ghe1,949,
函,ge1,949,
穎,ying2,949,
濟,tzi2,949,
濟,tzi3,949,
扇,shie3,947,
彥,ngie3,946,
拷,khau2,946,
漫,moe3,945,
淘,dau1,943,
譜,pu2,943,
墓,mu3,943,
墓,m3,943,
候,gheu3,941,
鶴,ghok4,939,
幅,fuk4,935,
茂,mau3,933,
戈,kou1,931,
牽,khiae1,927,
雁,ngae3,926,
嬌,kiau1,926,
御,ngei3,924,
御,ngiu3,924,
禦,ngei3,924,
禦,ngiu3,924,
窄,tzak4,922,
郡,giun3,922,
緩,woe2,921,
掏,dau1,921,
映,ing3,921,
瓊,ging1,921,
棄,khi3,920,
脣,zhiun1,920,
佩,bei3,919,
珮,bei3,919,
汝,niu2,918,
汝,zhiu2,918,
汝,ni2,918,
昨,zok4,917,
昨,dzok4,917,
昨,za1,917,
策,tsak4,914,
琪,gi1,911,
肌,ki1,911,
壇,dae1,910,
罈,dae1,910,
邀,iau1,910,
協,yah4,907,
猴,gheu1,904,
銷,siau1,903,
揉,nieu1,902,
揉,zhieu1,902,
漂,phiau3,901,
漂,phiau1,901,
腸,jiang1,900,
攢,zoe1,900,
攢,dzoe1,900,
攢,tzae2,900,
債,tza3,898,
堅,kiae1,894,
舟,cieu1,894,
倪,ngi1,894,
籐,deng1,893,
藤,deng1,893,
褲,khu3,892,
爪,tzau2,891,
什,zhih4,890,
磊,lei2,889,
慌,huong2,886,
蒂,ti3,885,
務,mu3,885,
務,vu3,885,
訴,su3,884,
蟹,gha2,883,
態,thai3,883,
梨,li1,882,
煉,liae3,881,
鍊,liae3,881,
倖,ghang2,881,
幸,ghang2,881,
憂,ieu1,880,
鼻,bi3,879,
育,yuk4,876,
舌,zhih4,875,
醬,tziang3,874,
陷,ghae3,873,
嘆,thae3,873,
堡,pau2,873,
柺,kua2,873,
拐,ga2,873,
鵝,ngou1,871,
蜜,mih4,870,
腹,fuk4,870,
粵,yoh4,869,
席,zik4,869,
蓆,zik4,869,
蔥,tsung1,869,
蒼,tsong1,867,
捉,tzok4,866,
孩,ghai1,863,
赫,hak4,861,
尾,mi2,859,
尾,vi2,859,
腫,ciung2,859,
效,ghau3,858,
釣,tiau3,857,
澳,au3,857,
幀,tzang3,857,
俠,yah4,855,
儒,niu1,855,
儒,zhiu1,855,
決,kioh4,854,
扭,nieu2,854,
閉,pi3,854,
叉,tso1,853,
叉,tsa,853,
癌,ngae1,853,
泵,bae3,852,
捷,zih4,851,
捷,dzih4,851,
妝,tzong1,849,
彼,pi2,847,
氾,fae3,845,
泛,fae3,845,
瘤,lieu1,843,
龔,kiung1,843,
盯,ting1,842,
默,mek4,840,
忌,gi3,840,
燉,den1,840,
縱,tzung3,840,
逾,yu1,839,
繡,sieu3,838,
懸,yoe1,837,
宰,tzai2,836,
埃,ai1,834,
辰,zhin1,833,
罐,kuoe3,831,
灑,sa2,828,
奈,na3,828,
序,zi2,828,
序,ziu2,828,
叻,lek4,827,
伏,veu3,826,
執,cih4,826,
伏,vuk4,826,
鼎,ting2,825,
幼,ieu3,825,
卵,loe2,824,
瑩,yang1,824,
瑩,yung1,824,
旋,zioe3,821,
午,ngu2,820,
午,ng2,820,
刑,ying1,819,
擔,tae3,817,
擔,tae1,817,
囊,nong1,817,
粘,nie1,816,
踏,dah4,815,
觸,chiuk4,815,
賓,pin1,813,
腔,khong1,812,
悟,ngu3,812,
悟,ng3,812,
牢,lau1,811,
聶,nih4,810,
帽,mau3,810,
典,tiae2,809,
奉,vung2,808,
煎,tzie1,806,
妃,fi1,806,
頻,bin1,806,
昭,ciau1,804,
曆,lik4,804,
歷,lik4,804,
擁,iung2,801,
猶,yeu1,800,
弘,weng1,797,
弘,ghung1,797,
揭,kih4,796,
裸,lou2,795,
賬,ciang3,794,
柏,pak4,794,
霸,po3,793,
僧,seng1,792,
攤,thae1,791,
掐,khah4,789,
突,deh4,788,
蓉,yung1,788,
蕾,lei2,787,
揍,tzeu3,786,
彪,piau1,786,
壹,ih4,785,
疑,ngi1,784,
毅,ngi3,784,
罩,tzau3,783,
淋,lin1,781,
拒,gei2,781,
拒,giu2,781,
贈,zeng3,780,
贈,dzeng3,780,
警,king2,778,
逐,jiuk4,778,
痕,ghen1,777,
歇,hih4,776,
統,thung2,776,
遷,tsie1,775,
鉤,keu1,775,
垂,zhui1,773,
垂,zei1,773,
扮,pae3,770,
禍,ghou2,769,
廷,ding1,769,
裂,lih4,768,
淑,zhiuk4,768,
渝,yu1,768,
涅,niah4,767,
崑,kuen1,767,
昆,kuen1,767,
尸,shy1,766,
屍,shy1,766,
喻,yu3,766,
憶,ik4,765,
嘞,lek4,765,
氧,yang2,762,
慣,kuae3,762,
境,king2,761,
仕,zy2,761,
仕,dzy2,761,
棍,kuen3,758,
律,liuh4,756,
恰,khah4,755,
惜,sik4,753,
齋,tza1,753,
坪,bing1,752,
束,shiuk4,752,
姆,mu2,752,
姆,m2,752,
浦,phu2,752,
稀,hi1,751,
裙,giun1,745,
吞,then1,745,
虐,ngiak4,744,
疊,diah4,743,
疊,diah4,743,
疏,su1,743,
劫,kih4,740,
顛,tiae1,740,
顛,tin1,740,
砂,so1,739,
鋅,tzy2,739,
鬱,iuh4,739,
郁,iuk4,739,
亡,mong1,738,
亡,vong1,738,
沾,cie1,737,
霑,cie1,737,
堯,ngiau1,737,
翹,giau3,736,
翹,giau1,736,
穗,zui3,736,
穗,zei3,736,
郵,yeu1,736,
株,ciu1,736,
潛,zie1,735,
潛,dzie1,735,
聰,tsung1,734,
陵,ling1,732,
謂,wi3,732,
謂,wei3,732,
糊,wu1,732,
糊,wu1,732,
壺,wu1,731,
饒,niau1,730,
饒,zhiau1,730,
媚,mi3,730,
庚,kang1,729,
坦,thae3,728,
慕,mu3,728,
慕,m3,728,
咖,kha1,725,
咖,ko1,725,
丘,khieu1,725,
監,kae3,724,
監,kae1,724,
搓,tsou1,724,
兜,teu1,724,
蚊,men1,724,
蚊,ven1,724,
寨,za3,724,
寨,dza3,724,
霖,lin1,722,
遙,yau1,721,
紹,zhiau2,721,
楠,ne1,720,
驗,ngie3,720,
牧,muk4,720,
吟,ngin1,719,
裴,bei1,717,
纏,jie3,713,
哉,tzai1,712,
澆,kiau1,711,
齒,chy2,711,
揮,hui1,710,
揮,huei1,710,
祭,tzi3,709,
朋,bang1,706,
惟,wi1,706,
惟,vi1,706,
龐,bong1,706,
拾,zhih4,706,
膏,kau1,703,
壩,po3,701,
銳,wi3,699,
銳,wei3,699,
筒,dung1,697,
敷,fu1,697,
涉,zhih4,696,
喵,miau1,696,
糞,fen3,693,
挪,nou1,688,
署,zy3,687,
署,zhiu3,687,
阮,ngioe2,686,
佬,liau1,686,
擰,nang1,686,
擰,ning1,686,
儲,dzy1,685,
儲,jiu1,685,
碳,thae3,684,
丙,ping2,683,
盪,dong2,682,
蕩,dong2,682,
樁,tzong1,682,
遮,cia1,680,
趴,phah4,680,
屯,den1,680,
蹲,ten3,680,
紗,so1,679,
戳,tsok4,679,
欽,khin1,675,
崇,zung1,675,
崇,dzung1,675,
瑤,yau1,672,
賦,fu3,671,
奎,khui1,670,
奎,khuei1,670,
渠,gei1,667,
渠,giu1,667,
習,zih4,665,
夕,zik4,663,
盲,mang1,662,
坎,khe2,660,
蹦,pang3,660,
擴,khok4,659,
躍,yak4,657,
杭,ghong1,656,
潑,phoh4,655,
潑,pheh4,655,
釘,ting3,655,
釘,ting1,655,
幕,mok4,654,
邢,ying1,654,
籌,jieu1,653,
荒,huong1,652,
焊,ghoe3,651,
釬,ghoe3,651,
銲,ghoe3,651,
棚,bang1,651,
召,zhiau3,649,
召,jiau3,649,
嵐,le1,648,
拌,boe2,647,
疾,zih4,647,
疾,dzih4,647,
裕,yu3,647,
奏,tzeu3,643,
筋,kin1,643,
濱,pin1,643,
栽,tzai1,643,
趨,tsiu1,643,
示,zhy3,642,
蠢,chiun2,641,
卦,kua3,641,
貞,cing1,640,
臥,ngou3,639,
臥,ghou3,639,
苯,pen2,639,
阻,tzu2,638,
咒,cieu3,637,
琦,gi1,636,
甫,fu2,636,
繩,zhing1,635,
耿,kang2,635,
閱,yoh4,633,
樊,vae1,633,
貧,bin1,633,
鈴,ling1,631,
撕,si1,631,
艘,siau1,630,
漿,tziang1,629,
競,ging3,629,
攪,kau2,628,
靖,zing2,628,
靖,dzing2,628,
珊,sae1,627,
籠,lung2,625,
籠,lung1,625,
倚,i2,622,
痰,dae1,620,
艦,khae2,620,
缸,kong1,620,
婦,veu2,620,
帆,vae1,619,
議,ngi3,618,
炫,yoe3,617,
狐,wu1,617,
徒,du1,614,
植,zhik4,613,
責,tzak4,613,
釋,shik4,612,
揀,kae2,611,
賜,sy3,610,
脂,cy1,610,
享,hiang2,608,
佑,yeu3,608,
祐,yeu3,608,
鮑,bau2,607,
袖,zieu3,607,
沃,uk4,607,
述,zhiuh4,606,
姨,yi1,605,
嘯,siau3,604,
矽,zik4,604,
杖,jiang2,602,
焉,ie1,601,
芽,ngo1,600,
捅,thung2,600,
倩,tsiae3,599,
藏,zong3,598,
藏,dzong3,598,
藏,zong1,598,
藏,dzong1,598,
築,ciuk4,598,
傲,ngau3,597,
姿,tzy1,597,
徑,king3,596,
逕,king3,596,
鄰,lin1,595,
激,kik4,594,
鉛,yoe1,593,
彫,tiau1,593,
雕,tiau1,593,
角,kok4,592,
姑,ku1,592,
桐,dung1,590,
捂,ngu3,590,
捂,ng3,590,
艙,tsong1,587,
辯,bie2,587,
幢,dzong3,587,
潭,de1,586,
覆,phek4,586,
覆,phuk4,586,
鈉,neh4,586,
覆,fuk4,586,
攔,lae1,585,
卹,siuh4,585,
恤,siuh4,585,
煲,pau2,584,
糟,tzau1,584,
趣,tsiu3,584,
閻,ye1,583,
燃,nie1,583,
燃,zhie1,583,
轟,huang1,583,
轟,hung1,583,
脆,tsui3,583,
脆,tsei3,583,
齡,ling1,582,
似,zy2,582,
凸,deh4,582,
竄,tsoe3,581,
錘,jiu1,581,
鞍,oe1,580,
癡,chy1,579,
孕,ying3,578,
瑟,sih4,574,
茹,niu1,574,
茹,zhiu1,574,
擱,kok4,572,
繳,kiau2,571,
彈,dae3,570,
彈,dae1,570,
灘,thae1,570,
燻,hiun1,570,
薰,hiun1,570,
驅,khiu1,570,
織,cik4,569,
詠,yang3,569,
詠,yung3,569,
摟,leu1,569,
浸,tzin3,569,
燐,lin1,569,
磷,lin1,569,
昊,ghau2,567,
衡,ghang1,567,
哀,ai1,567,
階,ka1,567,
駕,ko3,564,
輔,vu2,562,
崩,pang1,561,
謙,khiae1,560,
鄂,ngok4,560,
窯,yau1,559,
刃,nin3,557,
刃,zhin3,557,
蒲,bu1,557,
瀉,sia3,555,
碩,zhiak4,555,
屢,liu3,554,
澀,sih4,553,
災,tzai1,552,
碑,pi1,550,
碑,pei1,550,
叢,zung1,550,
叢,dzung1,550,
柄,ping3,549,
攬,lae2,548,
姦,kae1,548,
奸,koe1,548,
櫻,ang1,548,
禾,ghou1,547,
豎,zhiu2,546,
婉,ioe2,545,
眠,miae1,545,
措,tsu3,545,
磁,zy1,544,
磁,dzy1,544,
麟,lin1,544,
侃,khoe2,543,
墜,jiu3,543,
揪,tzieu1,543,
祿,luk4,543,
嚥,iae3,542,
咽,iae1,542,
仗,jiang2,541,
仗,jiang3,541,
革,kak4,540,
暢,chiang3,537,
鹼,kae2,535,
逝,zhi3,535,
肚,du2,535,
肚,tu2,535,
閥,vah4,534,
攀,phae1,534,
皺,tzeu3,534,
宴,iae3,533,
癮,in2,533,
跪,gui2,532,
跪,guei2,532,
喚,huoe3,531,
途,du1,531,
帘,lie1,530,
簾,lie1,530,
鞭,pie1,530,
遼,liau1,530,
狄,dik4,530,
瓷,zy1,530,
瓷,dzy1,530,
勛,hiun1,530,
謎,mi3,529,
磅,phong1,528,
厲,li3,528,
閘,zah4,527,
閘,dzah4,527,
瞄,miau1,526,
凹,au1,526,
裁,zai1,526,
裁,dzai1,526,
憲,hie3,525,
娥,ngou1,525,
扒,pah4,523,
沁,tsin3,523,
崖,nga1,523,
刊,khoe1,522,
跡,tzik4,521,
蹟,tzik4,521,
氮,dae2,516,
霉,mi1,516,
黴,mi1,516,
傍,bong3,514,
葬,tzong3,514,
喘,chioe2,513,
鈞,kiun1,513,
詹,cie1,512,
俞,yu1,510,
駱,lok4,508,
察,tsah4,507,
辨,bie2,506,
楞,leng1,506,
授,zhieu3,506,
拎,ling1,505,
喉,gheu1,505,
輯,zih4,505,
輯,dzih4,505,
虞,ngiu1,505,
闊,khueh4,504,
披,phi1,504,
遺,wi1,504,
遺,wei1,504,
塌,thah4,503,
豈,khi2,503,
悠,yeu1,503,
墳,ven1,503,
卸,sia3,502,
獅,sy1,501,
竇,deu3,501,
愚,ngiu1,501,
藕,ngeu2,499,
垮,khuo2,498,
憐,liae1,498,
慈,zy1,496,
慈,dzy1,496,
拱,kiung2,496,
脾,bi1,494,
氫,khing1,493,
煥,huoe3,491,
巢,zau1,491,
巢,dzau1,491,
溶,yung1,491,
撫,fu2,491,
廉,lie1,490,
禹,yu2,490,
亨,hang1,489,
燥,sau2,488,
泄,sih4,487,
聘,phing3,487,
危,ngui1,487,
危,wei1,487,
鉀,kah4,484,
橙,jing1,483,
頌,zung3,482,
栓,sioe1,479,
剷,tsae2,479,
鏟,tsae2,479,
構,keu3,479,
睿,wi3,478,
睿,wei3,478,
堤,ti1,478,
枯,khu1,478,
允,yun2,476,
堪,khe1,473,
暮,mu3,473,
籃,lae1,472,
冤,ioe1,472,
摳,kheu1,471,
酥,su1,470,
巫,mu1,470,
巫,vu1,470,
雀,tziak4,469,
畔,boe3,469,
裹,kou2,469,
劈,phik4,469,
駿,tzin3,469,
燦,tsae3,468,
芒,mong1,467,
竈,tzau3,467,
杏,ghang2,466,
冥,ming1,466,
腐,vu2,466,
繪,wei3,465,
醇,zhiun1,463,
蜀,zhiuk4,463,
漁,ngei1,463,
漁,ngiu1,463,
漁,ng1,463,
襲,zih4,462,
薪,sin1,462,
黛,dai3,461,
梳,su1,461,
孰,zhiuk4,459,
瞪,dzang1,457,
卑,pi1,457,
卑,pei1,457,
兌,dei3,457,
鑄,ciu3,457,
軌,kui2,456,
軌,kuei2,456,
搏,pok4,455,
拂,feh4,455,
蠟,lah4,454,
淵,ioe1,454,
豹,pau3,454,
馳,jy1,454,
蒜,soe3,453,
葷,hiun1,453,
皓,ghau2,452,
嫂,sau2,451,
慼,tsik4,451,
戚,tsik4,451,
弊,bi3,451,
際,tzi3,451,
餡,ghae3,450,
茅,mau1,449,
叁,sae1,445,
棗,tzau2,445,
棵,khou2,444,
鑑,kae3,443,
鑒,kae3,443,
嗦,sok4,443,
冉,nie2,442,
冉,zhie2,442,
炳,ping2,439,
耕,kang1,439,
誓,zhi3,439,
塑,su3,439,
勺,zhiok4,437,
敦,ten1,437,
央,iang1,435,
羞,sieu1,435,
瞳,dung1,435,
稻,dau2,434,
彤,dung1,434,
笛,dik4,433,
媒,mei1,433,
乍,zo3,432,
乍,za1,432,
貳,ni3,432,
冀,ki3,432,
匹,phih4,432,
恭,kiung1,432,
祁,gi1,431,
蜂,fung1,431,
眺,thiau3,430,
渴,khoh4,429,
渴,kheh4,429,
妾,tsih4,427,
沐,muk4,427,
估,ku2,426,
濫,lae3,425,
仰,ngiang2,425,
夷,yi1,424,
噓,hei1,423,
噓,hiu1,423,
喪,song3,421,
喪,song1,421,
彌,mi1,421,
瀰,mi1,421,
輩,pei3,421,
磕,khah4,420,
磕,kheh4,420,
煞,sah4,420,
陀,dou1,420,
捕,bu3,420,
滄,tsong1,418,
努,nu2,418,
莖,ghang1,417,
濺,tzie3,416,
濺,tzae3,416,
汽,khi3,416,
呸,phei2,416,
梗,kang2,415,
蕊,nui2,415,
蕊,zhei2,415,
旦,tae3,414,
搗,tau2,414,
屠,du1,414,
氨,oe1,413,
翅,shy3,412,
氯,luk4,411,
敘,zi2,411,
敘,ziu2,411,
惑,wek4,410,
奕,yik4,410,
氟,feh4,409,
豫,yi3,409,
豫,yu3,409,
撇,phih4,408,
撇,phiah4,408,
荊,king1,408,
脹,ciang3,407,
貫,kuoe3,406,
詳,ziang1,405,
瓣,bae3,404,
淮,wa1,403,
況,hiong3,402,
況,khuong3,402,
浙,cih4,402,
掘,gioh4,402,
蓬,bung1,402,
覽,lae2,401,
挫,tsou3,401,
溢,yih4,401,
巡,zin1,400,
慎,zhin3,400,
綺,khi2,399,
逮,dai3,399,
瞞,moe1,398,
徽,hui1,398,
徽,huei1,398,
謹,kin2,398,
葵,gui1,397,
葵,guei1,397,
寇,kheu3,397,
綿,mie1,396,
舜,shiun3,396,
匪,fi2,395,
昕,hin1,393,
矛,mau1,392,
苔,dai1,392,
荐,ziae3,391,
荐,dziae3,391,
翰,ghoe3,391,
蹬,deng3,391,
晾,liang3,390,
墩,ten1,390,
茜,tsiae3,389,
貌,mau3,389,
覓,mik4,389,
恥,chy2,389,
岡,kong1,387,
綱,kong1,387,
硫,lieu1,387,
閩,min1,387,
誘,yeu2,384,
侵,tsin1,383,
啞,o2,382,
抑,ik4,382,
掰,pak4,381,
寢,tsin2,381,
迦,ko1,380,
熟,zhiuk4,380,
掂,tiae1,379,
淤,ei1,379,
淤,iu1,379,
腕,uoe3,378,
捆,khuen2,378,
梱,khuen2,378,
綑,khuen2,378,
貢,kung3,378,
獵,lih4,377,
昔,sik4,377,
瀾,lae3,376,
瀾,lae1,376,
刁,tiau1,376,
汙,u1,375,
援,yoe1,373,
掀,hie1,372,
泳,yang3,372,
泳,yung3,372,
遜,sen3,370,
俏,tsiau3,369,
愣,leng3,369,
臀,den1,369,
矯,kiau2,367,
悔,huei3,367,
娛,ngiu1,367,
撓,nau2,366,
玫,mei1,366,
蓄,hiuk4,366,
絆,poe3,365,
鎂,mi2,365,
卒,tzeh4,365,
旱,ghoe2,363,
侍,zhy3,363,
循,zin1,363,
概,kai3,363,
饞,zae1,362,
饞,dzae1,362,
妥,thou2,361,
悉,sih4,361,
緒,zi2,361,
緒,ziu2,361,
汀,thing1,360,
甄,cin1,360,
唆,sou1,359,
頤,yi1,359,
掩,ie2,358,
擾,niau2,358,
擾,zhiau2,358,
迅,sin3,358,
敖,ngau1,357,
壘,li2,357,
壘,lei2,357,
嘔,eu2,357,
酮,dung1,357,
菁,tzing1,356,
廿,nih4,355,
廿,nie,355,
蛙,uo1,354,
疇,jieu1,354,
茗,ming2,353,
蘸,tzae3,351,
竅,khiau3,351,
朴,phok4,351,
樸,phok4,351,
旬,zin1,351,
芙,vu1,351,
梯,thi1,350,
炭,thae3,349,
僱,ku3,349,
雇,ku3,349,
茵,in1,348,
庵,e1,347,
菴,e1,347,
訣,kioh4,347,
糕,kau1,347,
錠,ting3,347,
勃,beh4,347,
瀝,lik4,346,
欺,khi1,344,
碘,tiae2,343,
菱,ling1,343,
稱,ching3,343,
稱,ching1,343,
勻,yun1,343,
莎,so1,341,
莎,sa1,341,
僑,giau1,341,
莎,sou1,341,
籽,tzy2,341,
雌,tsy1,341,
膝,sih4,341,
眨,tzah4,340,
峽,kah4,340,
釀,niang3,340,
泊,bok4,339,
隋,zui1,339,
隋,zei1,339,
臻,tzin1,339,
絨,niung1,339,
絨,zhiung1,339,
秉,ping2,338,
襯,tsin3,338,
僵,kiang1,337,
伽,ga1,335,
伽,gia1,335,
紐,nieu2,335,
摻,sae1,334,
摻,tse1,334,
遣,khie2,331,
婁,leu1,331,
玖,kieu2,331,
販,fae3,330,
溟,ming1,330,
陡,teu2,330,
蘿,lou1,329,
乏,vah4,328,
仨,sae1,328,
鑲,siang1,328,
嬰,ing1,328,
蘊,iun1,328,
滯,ji3,328,
冶,ya2,326,
嫖,biau1,326,
厭,ie3,325,
嗜,zhy3,325,
肆,sy3,324,
淳,zhiun1,323,
闌,lae1,321,
黔,gie1,320,
嘰,ki1,320,
璐,lu3,320,
廊,long1,318,
徹,chih4,318,
療,liau3,318,
椅,i2,318,
禽,gin1,318,
魁,khuei1,318,
焰,ye3,317,
燄,ye3,317,
挽,mae2,317,
挽,vae2,317,
輓,mae2,317,
輓,vae2,317,
袍,bau1,317,
滋,tzy1,317,
睜,zing2,316,
睜,dzing2,316,
髓,sui2,316,
髓,sei2,316,
稠,jieu1,316,
慄,lih4,316,
栗,lih4,316,
嗆,tsiang1,315,
札,tzah4,315,
螺,lou1,314,
斥,chiak4,314,
緯,wi3,314,
緯,wei3,314,
滲,sin3,314,
嗚,u1,314,
咳,khek4,313,
魅,mi3,313,
筍,sin2,313,
峻,sin3,313,
涯,nga1,312,
桓,woe1,311,
靳,kin3,311,
描,miau1,310,
診,cin2,310,
藻,tzau2,309,
瑾,kin2,309,
唄,ba3,309,
蠶,ze1,308,
蠶,dze1,308,
捻,niae2,308,
撚,niae2,308,
沽,ku1,308,
傳,jioe1,307,
傳,cioe3,307,
鎳,ngiah4,307,
沫,moh4,307,
沫,meh4,307,
寂,zik4,307,
寂,dzik4,307,
叮,ting1,306,
慰,ui3,306,
慰,uei3,306,
蘆,lu1,306,
廚,jiu1,306,
寡,kuo2,305,
丈,jiang2,305,
蹤,tzung1,305,
蔭,in1,304,
祠,zy1,301,
嗅,hieu3,301,
雍,iung1,301,
矩,kiu2,301,
募,mu3,300,
募,m3,300,
爵,tziak4,299,
襖,au2,299,
裔,yi3,299,
榕,yung1,299,
秤,ching3,298,
槓,kong1,298,
鈕,nieu2,297,
烙,lok4,296,
烙,kok4,296,
役,yik4,296,
貿,mau3,296,
匡,khiong1,295,
匡,khuong1,295,
疆,kiang1,295,
契,khih4,295,
窺,khui1,295,
窺,khuei1,295,
契,khi3,295,
眸,meu1,294,
裘,gieu1,294,
簿,bu2,293,
貶,pie2,292,
淹,ie1,292,
盞,tzae2,292,
濁,dzok4,292,
棠,dong1,291,
劣,lioh4,291,
拴,tsioe1,291,
宛,ioe2,290,
宛,ioe1,290,
苟,keu2,290,
芹,gin1,290,
沛,phei3,290,
棕,tzung1,290,
泣,khih4,289,
簫,siau1,288,
殊,zhiu1,288,
椰,ya1,287,
駛,sy2,287,
瞬,shiun3,287,
皖,wae2,286,
噪,tsau1,286,
蝕,zhik4,286,
履,li2,286,
譽,yi3,286,
譽,yu3,286,
倦,gioe3,285,
析,sik4,285,
畏,ui3,285,
畏,uei3,285,
庸,yung1,285,
芭,po1,284,
芭,pa1,284,
湛,dzae2,284,
陝,shie2,284,
撩,liau1,284,
祈,gi1,284,
熔,yung1,284,
腺,sie3,283,
惱,nau2,283,
邑,ih4,283,
擲,jik4,282,
膚,fu1,282,
洽,ghah4,281,
廂,siang1,281,
毫,ghau1,281,
珂,khou1,279,
靴,hio,279,
啣,ghae1,278,
銜,ghae1,278,
銜,gae1,278,
鉻,lok4,278,
衍,ye2,278,
滇,tiae1,278,
滇,tin1,278,
渾,wen2,278,
渾,wen1,278,
督,tuk4,278,
嬲,niau2,277,
艇,ding2,277,
痘,deu3,277,
奮,fen3,277,
瞥,phih4,276,
究,kieu3,276,
巾,kin1,276,
簇,tsuk4,276,
酚,fen1,275,
砌,tsi3,275,
蟬,zhie1,274,
佰,pak4,274,
佰,mak4,274,
梵,vae3,273,
晟,zhing3,273,
葦,wi2,273,
葦,wei2,273,
寅,yin1,273,
樺,wo3,272,
茬,zo1,272,
膊,pok4,272,
涮,sae3,272,
墮,dou2,272,
茬,zy1,272,
茬,dzy1,272,
祺,gi1,272,
掠,liak4,271,
霄,siau1,271,
胞,pau1,271,
夥,ghou2,271,
伙,hou2,271,
篩,sy1,271,
篩,sa1,271,
纖,sie1,270,
淌,thong2,270,
匠,ziang3,270,
匠,dziang3,270,
障,ciang3,270,
棺,kuoe1,270,
揣,tsi2,270,
揣,tsei2,270,
詢,sin1,269,
剁,tou3,268,
剃,thi3,268,
鞏,kiung2,268,
妄,mong3,267,
妄,vong3,267,
棧,zae3,266,
棧,dzae3,266,
釐,li1,266,
駁,pok4,263,
朔,sok4,263,
肘,cieu2,263,
曝,buk4,263,
搽,dzo1,262,
澈,jih4,262,
粟,suk4,262,
獄,ngiuk4,262,
襄,siang1,261,
屑,siah4,261,
屑,sih4,261,
皂,zau2,261,
皂,dzau2,261,
吏,li3,261,
膿,nung1,261,
扳,pae1,260,
澗,kae3,260,
絞,kau2,260,
汞,ghung2,260,
燭,ciuk4,260,
絹,kioe3,259,
襪,mah4,258,
襪,vah4,258,
埠,bu3,258,
淇,gi1,257,
遵,tzin1,256,
鹵,lu2,256,
憨,hae1,255,
鱉,pih4,255,
羹,kang1,255,
贛,ke3,254,
唷,yuk4,254,
斧,fu2,254,
筐,khiong1,253,
筐,khuong1,253,
柒,tsih4,253,
弩,nu2,253,
撰,zae2,252,
撰,dzae2,252,
違,wi1,252,
違,wei1,252,
圭,kui1,252,
圭,kuei1,252,
菇,ku1,252,
紡,fong2,251,
址,cy2,251,
剖,pheu2,251,
瞿,giu1,251,
疤,po1,250,
哨,sau3,250,
梢,sau1,250,
舅,gieu2,250,
卞,bie3,249,
竊,tsih4,249,
竊,tsiah4,249,
蟻,ngi2,249,
禿,thuk4,249,
肅,suk4,249,
瞟,phiau2,248,
礙,ngai3,248,
攏,lung2,248,
寓,ngiu3,247,
蔔,bek4,246,
蔔,buk4,246,
旨,cy2,246,
卜,puk4,246,
辱,niuk4,246,
辱,zhiuk4,246,
凋,tiau1,245,
矢,shy2,245,
濾,li3,245,
濾,liu3,245,
鎊,phong1,244,
啪,phak4,244,
憤,ven2,244,
勵,li3,244,
槐,wa1,243,
慮,li3,243,
慮,liu3,243,
妓,gi2,242,
眯,mi2,242,
誅,ciu1,242,
崎,gi1,241,
侶,li2,241,
侶,liu2,241,
鴿,keh4,240,
蠅,ying1,240,
腥,sing1,240,
硯,ngiae3,239,
泓,uang1,239,
泓,ung1,239,
綴,ciu3,239,
誦,zung3,239,
蛆,tsi1,239,
蛆,tsiu1,239,
鋸,kei3,239,
鋸,kiu3,239,
蘋,bing1,238,
燜,men3,238,
諦,ti3,238,
煌,wong1,237,
缽,poh4,237,
缽,peh4,237,
捶,cui2,237,
捶,tzei2,237,
阜,veu2,237,
弧,wu1,237,
嘟,tu1,237,
縷,liu2,237,
椒,tziau1,236,
拙,cioh4,235,
聳,sung2,235,
陌,mak4,234,
鈍,den3,234,
鴉,o1,232,
黏,nie1,232,
蛾,ngou1,232,
棲,si1,232,
茄,ga1,231,
茄,gia1,231,
尬,ka3,231,
蹄,di1,231,
彰,ciang1,230,
脊,tzik4,230,
鈾,yeu1,230,
酬,zhieu1,230,
韌,nin3,230,
韌,zhin3,230,
瀚,ghoe3,229,
翎,ling1,229,
巳,zy2,229,
錐,cui1,228,
楷,kha2,228,
鑿,zok4,227,
鑿,dzok4,227,
錳,mang2,227,
晝,cieu3,227,
鞠,kiuk4,227,
斂,lie2,226,
殲,tzie1,226,
繭,kiae2,226,
瘡,tsong1,225,
擒,gin1,225,
儉,gie2,224,
淼,miau2,224,
胚,phei1,224,
峪,yuk4,224,
羨,zie3,223,
涓,kioe1,222,
鱗,lin1,222,
戎,niung1,222,
戎,zhiung1,222,
撬,khiau3,221,
懼,giu3,221,
釉,yeu3,220,
綸,liun1,220,
昧,mei3,220,
鏽,sieu3,218,
睬,tsai2,218,
喏,nia2,217,
緋,fi1,217,
犁,li1,217,
漾,yang3,216,
竿,koe1,216,
鶯,ang1,216,
糾,kieu2,216,
橘,kiuh4,216,
甸,diae3,215,
褐,ghoh4,215,
褐,gheh4,215,
郊,kau1,215,
糙,tsau3,215,
殤,shiang1,214,
罕,hoe2,214,
牟,meu1,214,
曠,khuong3,213,
猿,yoe1,213,
輥,kuen2,213,
毋,mu1,213,
毋,vu1,213,
璧,pik4,212,
畀,pi3,212,
畀,peh4,212,
紛,fen1,212,
喀,khak4,211,
烹,phang1,211,
笙,sang1,211,
遁,den3,211,
啼,di1,211,
韶,zhiau1,210,
嗣,zy3,210,
娣,di3,210,
姝,chiu1,210,
廈,gho2,209,
廈,so3,209,
腮,sai1,209,
盔,khuei1,209,
衷,ciung1,209,
嘩,wo1,208,
譁,wo1,208,
嘩,huo1,208,
譁,huo1,208,
挾,yah4,208,
轄,ghah4,208,
鏢,piau1,208,
鷗,eu1,208,
枉,iong2,207,
枉,uong2,207,
迭,dih4,207,
迭,diah4,207,
鈔,tsau1,207,
釵,tsa1,207,
喧,hioe1,206,
鯨,ging1,206,
麓,luk4,206,
嗷,ngau1,205,
箏,tzang1,205,
戊,mau3,205,
漠,mok4,204,
梭,sou1,204,
轎,giau3,203,
垢,keu2,203,
乞,khih4,203,
恕,sy3,203,
恕,shiu3,203,
欒,loe1,202,
鉗,gie1,201,
嚷,niang2,201,
嚷,zhiang2,201,
捎,sau1,201,
宵,siau1,200,
肇,jiau2,200,
苞,pau1,200,
駝,dou1,200,
侖,liun1,200,
崙,liun1,200,
陸,luk4,200,
鍍,du3,200,
癖,phik4,199,
巍,ngui1,199,
巍,wei1,199,
爻,ghau1,198,
玨,kok4,198,
叩,kheu3,198,
斃,bi3,198,
廬,li1,198,
廬,liu1,198,
詐,tzo3,197,
孽,ngih4,197,
鸞,loe1,197,
饑,ki1,197,
飢,ki1,197,
絮,si3,196,
絮,siu3,196,
豁,hueh4,195,
岱,dai3,195,
摞,lou1,194,
俯,fu2,194,
驕,kiau1,193,
灝,ghau2,193,
嬸,shin2,193,
償,zhiang1,192,
炯,kiung2,192,
堰,ie3,191,
匣,ghah4,190,
悼,dau3,190,
漬,zy3,190,
漬,dzy3,190,
驟,zeu3,190,
驟,dzeu3,190,
檀,dae1,189,
焚,ven1,189,
窟,khueh4,189,
韜,thau1,188,
簷,ye1,187,
藩,fae1,187,
靶,po3,186,
榆,yu1,186,
瓢,biau1,185,
嚎,ghau1,185,
灼,ciak4,184,
擅,zhie3,184,
肢,cy1,184,
坯,phei1,184,
鷺,lu3,184,
倘,thong2,183,
仟,tsiae1,183,
玻,phou1,183,
卉,hui2,183,
卉,huei2,183,
摧,zei1,182,
摧,dzei1,182,
褒,pau1,181,
尻,khau1,181,
仆,bek4,181,
仆,buk4,181,
睛,tzing1,181,
誼,ngi3,181,
僕,buk4,181,
黯,ae2,180,
闢,bik4,180,
辟,pik4,180,
鬢,pin3,180,
擎,ging1,179,
潰,guei3,179,
潰,wei2,179,
躁,tzau3,178,
怔,cing1,178,
砷,shin1,178,
聾,lung1,178,
謊,huong2,177,
頒,pae1,177,
卯,mau2,177,
澇,lau3,177,
嚕,lu2,177,
釩,fae3,176,
捌,pah4,176,
謠,yau1,176,
俐,li3,176,
鉑,bok4,175,
忒,thek4,175,
嘀,tzak4,175,
沸,fi3,175,
疲,bi1,175,
脖,beh4,175,
硒,si1,175,
躬,kiung1,175,
蠱,ku2,175,
伶,ling1,174,
葡,bu1,174,
睹,tu2,174,
垣,yoe1,173,
扼,ak4,173,
閹,ie1,172,
遛,lieu1,172,
哆,tou2,171,
趾,cy2,171,
瀨,la3,171,
篤,tuk4,171,
窪,uo1,170,
癱,thae1,170,
痔,jy2,170,
箍,ku1,170,
囡,ne1,169,
饃,mou1,169,
隙,khiak4,169,
烘,hung1,169,
鎢,u1,169,
搾,tzo3,168,
辜,ku1,168,
緬,mie2,167,
碾,nie2,167,
葆,pau2,167,
餌,ni3,167,
噤,gin3,167,
蠍,hih4,166,
癲,tiae1,166,
癲,tin1,166,
鞘,siau3,166,
鞘,sau1,166,
戟,kiak4,166,
麒,gi1,166,
脅,hih4,165,
癟,bih4,165,
癟,biah4,165,
拭,shik4,165,
椎,jiu1,165,
襟,kin1,165,
亥,ghai2,165,
盅,ciung1,165,
銨,oe1,164,
囚,zieu1,164,
昵,nih4,164,
鐸,dok4,163,
縛,vok4,163,
錨,mau1,163,
毆,eu2,163,
宸,zhin1,163,
蓓,bei2,163,
諧,gha1,163,
鉬,muk4,163,
恬,diae1,162,
樵,ziau1,162,
樵,dziau1,162,
愧,kui3,162,
愧,kuei3,162,
貯,tzy2,162,
貯,ciu2,162,
岔,tso1,161,
稚,jy3,161,
臍,zi1,161,
臍,dzi1,161,
熵,shiang1,160,
丞,zhing1,160,
塢,u2,160,
硝,siau1,159,
熄,sik4,159,
艮,ken3,159,
怯,khih4,158,
臘,lah4,158,
跺,tou3,157,
渭,wi3,157,
渭,wei3,157,
贖,zhiuk4,156,
阪,fae2,155,
阪,fae2,155,
隴,lung2,155,
瞻,cie1,154,
踐,zie3,154,
踐,dzie3,154,
瘸,gio1,154,
飼,zy3,154,
嶼,zi2,154,
嶼,ziu2,154,
卅,sah4,153,
勉,mie2,153,
綾,ling1,153,
嘻,hi1,153,
荔,li3,153,
虱,sih4,153,
蝨,sih4,153,
械,ga3,153,
械,gha3,153,
綽,chiok4,152,
仄,tzih4,152,
盛,zhing3,152,
盛,zhing1,152,
痞,bi2,152,
肛,kong1,152,
肛,kung1,152,
踱,dok4,151,
炕,khong3,151,
竭,gih4,151,
啄,tuk4,151,
泠,ling1,150,
瘟,uen1,150,
纜,le2,149,
匝,tzeh4,149,
匝,tzah4,149,
蔓,mae3,149,
蔓,vae3,149,
匿,nik4,149,
晤,ngu3,149,
蔫,ie1,148,
窖,kau3,148,
疫,yik4,148,
廁,tsy3,148,
箋,tziae1,147,
凳,teng3,147,
祀,zy2,147,
咚,tung1,147,
睦,muk4,147,
暑,sy2,147,
暑,shiu2,147,
頰,kiah4,146,
亢,khong3,146,
削,siak4,146,
礁,tziau1,146,
剔,thik4,146,
鳩,kieu1,146,
倔,giuh4,146,
嬋,zhie1,145,
霓,ngi1,145,
蒿,hau1,144,
訥,neh4,144,
噎,ih4,143,
渺,miau2,143,
滌,dik4,143,
丕,phi1,143,
撼,ghe2,142,
寮,liau1,142,
熾,chy3,142,
烯,hi1,142,
綢,jieu1,142,
抿,min1,142,
琨,kuen1,142,
茸,niung1,142,
茸,zhiung1,142,
糠,khong1,141,
搔,sau1,141,
漱,seu3,141,
噬,zhi3,141,
妒,tu3,141,
雛,zu1,141,
雛,dzu1,141,
薯,zy3,141,
薯,zhiu3,141,
萎,ui2,140,
萎,uei2,140,
歉,khae3,139,
秧,iang1,139,
悍,ghoe3,139,
蕉,tziau1,139,
憎,tzeng1,139,
粹,sui3,139,
粹,tsei3,139,
粹,tsiu3,139,
彞,yi1,139,
胰,yi1,139,
壬,nin1,139,
壬,zhin1,139,
鯊,so1,138,
糯,nou3,138,
歧,gi1,138,
憾,ghe3,137,
攆,nie2,137,
寐,mi3,137,
謬,mau3,137,
涕,thi3,137,
駒,kiu1,137,
奢,shia1,136,
獒,ngau1,136,
藉,zik4,136,
藉,dzik4,136,
弛,shy2,136,
狹,ghah4,135,
拈,niae1,135,
莽,mong2,135,
叛,boe3,135,
肋,lek4,135,
溯,su3,135,
咋,tzo3,134,
槳,tziang2,134,
繃,pang1,134,
績,tzik4,134,
靡,mi2,134,
酉,yeu2,134,
窘,giun2,134,
勘,khe3,133,
諒,liang3,133,
轍,jih4,133,
伯,pak4,133,
汐,zik4,133,
泗,sy3,133,
鰭,gi1,133,
掄,len1,133,
拘,kiu1,133,
鋤,zu1,133,
鋤,dzu1,133,
暇,gho3,132,
剌,lah4,132,
舵,dou2,132,
啤,bi1,132,
汲,kih4,132,
隅,ngiu1,132,
墅,zy2,132,
墅,zhiu2,132,
叭,pah4,131,
瑣,sou2,131,
苓,ling1,131,
眩,yoe3,130,
棘,kik4,130,
硼,bang1,130,
樞,chiu1,130,
羌,khiang1,129,
醛,zioe1,129,
醛,dzioe1,129,
厥,kioh4,129,
辮,biae2,129,
誕,dae2,129,
姣,kau2,129,
綏,sui1,129,
綏,sei1,129,
凜,lin2,129,
娼,chiang1,128,
悄,tsiau2,128,
珀,phak4,128,
逞,ching2,128,
毗,bi1,128,
仇,gieu1,128,
笠,lih4,128,
丐,kai3,128,
癬,sie2,127,
舀,yau2,127,
炙,ciak4,127,
鋰,li2,127,
嘮,lau1,126,
圃,pu2,126,
毯,thae2,125,
琅,long1,125,
瑯,long1,125,
姍,sae1,125,
沼,ciau3,125,
頹,dei1,125,
悽,tsi1,125,
淒,tsi1,125,
顱,lu1,125,
梧,ngu1,125,
唬,ho3,124,
稼,ko3,124,
茫,mong1,124,
疝,sae3,124,
皋,kau1,124,
驪,li1,124,
疹,cin2,124,
虜,lu2,124,
撅,gioh4,123,
撅,kioh4,123,
慫,sung2,123,
庶,sy3,123,
庶,shiu3,123,
氈,cie1,122,
孜,tzy1,122,
煨,uei1,122,
駭,gha2,122,
蔽,pi3,122,
隸,li3,122,
騫,khie1,121,
鵑,kioe1,121,
恃,zhy2,121,
綜,tzung3,121,
凰,wong1,120,
樟,ciang1,120,
孑,kih4,120,
訶,hou1,120,
帛,bak4,120,
炊,chui1,120,
炊,tsei1,120,
宿,sieu3,120,
宿,suk4,120,
壟,lung2,120,
罡,kong1,119,
苛,ghou1,119,
犀,si1,119,
瓏,lung1,119,
甕,ung3,119,
挎,khu1,119,
柑,kae1,118,
柑,ke1,118,
夭,iau2,118,
夭,iau1,118,
貂,tiau1,118,
滔,thau1,118,
閨,kui1,118,
閨,kuei1,118,
炬,gei2,118,
炬,giu2,118,
讒,zae1,117,
讒,dzae1,117,
眷,kioe3,117,
懲,jing1,117,
狸,li1,117,
貍,li1,117,
吱,cy1,117,
繆,mau3,117,
邸,ti2,117,
輿,yi1,117,
輿,yu1,117,
攙,tsae1,116,
觴,shiang1,116,
膳,zhie3,116,
涇,king1,116,
嬉,hi1,116,
椿,chiun1,116,
磯,ki1,115,
穢,uei3,115,
襠,tong1,114,
鍛,toe3,114,
鑼,lou1,114,
旌,tzing1,114,
曖,ai3,114,
軀,khiu1,114,
胯,khuo3,113,
灞,po3,113,
痺,pi3,113,
弼,bih4,113,
畦,wi1,113,
畦,wei1,113,
番,fae1,112,
茉,moh4,112,
茉,meh4,112,
醚,mi1,112,
癸,kui2,112,
癸,kuei2,112,
摹,mu1,112,
酣,ghae1,111,
酣,ghe1,111,
匾,piae2,111,
氰,zing1,111,
氰,dzing1,111,
吠,vi3,111,
薊,ki3,111,
痂,ko1,110,
孓,kioh4,110,
膘,biau2,110,
羚,ling1,110,
琍,li1,110,
璃,li1,110,
嬪,bin1,110,
錛,pen1,110,
鎧,khai2,110,
墟,khei1,110,
墟,khiu1,110,
抒,zy2,110,
抒,zhiu2,110,
巒,loe1,109,
錒,ou1,109,
鯉,li2,109,
湄,mi1,109,
斟,cin1,109,
鐳,lei1,109,
蛹,yung2,109,
囑,ciuk4,109,
潞,lu3,109,
芋,yu3,109,
嚼,ziak4,108,
嚼,dziak4,108,
澎,bang1,108,
頃,khing2,108,
柿,zy2,108,
柿,dzy2,108,
酌,ciak4,107,
煽,shie1,107,
蜷,gioe1,107,
蛟,kau1,107,
垛,dou2,107,
吮,zhiun2,107,
曳,yi3,107,
頑,nguae1,106,
頑,wae1,106,
宙,jieu3,106,
渤,beh4,106,
揩,kha1,106,
蕪,mu1,106,
蕪,vu1,106,
汕,sae3,105,
緞,doe2,105,
柬,kae2,105,
槌,jiu1,105,
琉,lieu1,105,
戌,siuh4,105,
噯,ai3,105,
擂,lei3,105,
擂,lei1,105,
薔,ziang1,104,
薔,dziang1,104,
艱,kae1,104,
檸,nang1,104,
檸,ning1,104,
徙,sy2,104,
珈,ko1,103,
鐺,tong1,103,
纓,ing1,103,
砰,phang1,103,
晦,huei3,103,
敝,bi3,103,
佣,yung1,103,
傭,yung1,103,
恍,huong2,102,
粱,liang1,102,
磬,khing3,102,
筷,khua3,102,
嗡,ung1,102,
漳,ciang1,101,
絢,hioe3,101,
聆,ling1,101,
稟,pin2,101,
蔗,cia3,100,
廓,khok4,100,
漣,lie1,100,
峨,ngou1,100,
偵,ching1,100,
沂,ngi1,100,
姪,jih4,100,
檬,mung1,100,
訟,zung3,100,
嗓,song2,99,
鵲,tsiak4,99,
藺,lin3,99,
擄,lu2,99,
呱,ku1,99,
曙,zy3,99,
曙,zhiu3,99,
詭,kui2,98,
詭,kuei2,98,
吭,ghong1,97,
佯,yang1,97,
撂,liak4,97,
倡,chiang3,97,
淪,liun1,97,
戍,shiu3,97,
赦,shia3,96,
參,tse1,96,
壑,hok4,96,
壤,niang2,96,
壤,zhiang2,96,
烷,woe1,96,
廝,sy1,96,
灸,kieu3,96,
參,sin1,96,
櫥,jiu1,96,
狙,tsi1,96,
狙,tsiu1,96,
橡,ziang2,95,
糸,mik4,95,
糸,sy1,95,
蚌,bong2,95,
剮,kuo2,94,
咎,gieu2,94,
懈,ka3,94,
莓,mei1,94,
諱,hui3,93,
諱,huei3,93,
籬,li1,93,
庇,pi3,93,
姊,tzy2,93,
墾,khen2,93,
烽,fung1,93,
愉,yu1,93,
颯,seh4,92,
颯,sah4,92,
珞,lok4,92,
蟒,mong2,92,
爍,shiok4,92,
唰,sioh4,92,
坳,au3,92,
聿,yuh4,92,
咕,ku1,92,
釜,vu2,92,
簧,wong1,91,
膛,dong1,91,
敞,chiang2,91,
膨,bang1,91,
牡,mau2,91,
焙,bei3,91,
恢,khuei1,91,
恢,huei1,91,
篷,bung1,91,
犢,duk4,91,
銬,khau3,90,
呤,ling1,90,
杞,khi2,90,
閏,niun3,90,
閏,zhiun3,90,
坷,khou2,89,
螢,yung1,89,
慨,khai2,89,
歹,tai2,89,
燴,wei3,89,
扈,wu2,89,
芊,tsiae1,88,
跋,boh4,88,
跋,bah4,88,
僚,liau1,88,
鼇,ngau1,88,
隘,a3,88,
鰓,sai1,88,
掬,kiuk4,88,
篆,jioe2,87,
桀,gih4,87,
畸,gi1,87,
鄙,pi2,87,
馴,zin1,87,
顰,bin1,87,
憊,ba3,87,
嘶,si1,87,
馭,ngei3,87,
馭,ngiu3,87,
闞,khae3,86,
噩,ngok4,86,
叨,thau1,86,
烴,king2,86,
陋,leu3,86,
汾,ven1,86,
隼,sin2,86,
鋇,pei3,86,
宦,wae3,85,
捺,nah4,85,
餽,gui3,85,
餽,guei3,85,
朽,hieu2,85,
瑰,kuei1,85,
哺,bu3,85,
冕,mie2,84,
抹,moh4,84,
抹,meh4,84,
囂,hiau1,84,
嘈,zau1,84,
嘈,dzau1,84,
僻,phik4,84,
耘,yun1,84,
喳,tzo1,83,
鱷,ngok4,83,
屙,ou1,83,
伎,gi2,83,
簍,leu1,83,
誨,huei3,83,
捍,ghoe3,82,
燎,liau1,82,
蹈,dau3,82,
摯,cy3,82,
汛,sin3,82,
偎,uei1,82,
贓,tzong1,81,
幔,moe3,81,
吆,iau1,81,
嘜,mak4,81,
揖,ih4,81,
秩,jih4,81,
蛻,thei3,81,
諷,fung3,81,
謨,mu1,81,
醃,ie1,80,
檻,gae2,80,
纂,tzoe2,80,
掖,yik4,80,
吡,phi2,80,
吡,bih4,80,
儈,kuei3,80,
霾,ma1,80,
衙,ngo1,79,
淦,ke3,79,
圈,khioe1,79,
圈,gioe3,79,
靛,diae3,79,
靛,din3,79,
稈,koe2,79,
綻,tzae3,79,
籮,lou1,79,
箕,ki1,79,
鯤,kuen1,79,
齲,khiu2,79,
唧,tzik4,78,
叱,chih4,78,
靄,ai3,78,
嗝,kak4,77,
晰,sik4,77,
譏,ki1,77,
捱,nga1,77,
怠,dai2,77,
底,ti2,77,
衢,giu1,77,
涎,zie1,76,
擀,koe2,76,
喱,li1,76,
紳,shin1,76,
婿,si3,76,
葭,ko1,75,
澱,diae3,75,
澱,din3,75,
餃,kau2,75,
餃,ciau2,75,
嬝,niau2,75,
裊,niau2,75,
扉,fi1,75,
氦,ghai2,75,
碴,tzo1,74,
諜,diah4,74,
欖,lae2,74,
磺,wong1,74,
礬,vae1,74,
嶴,au3,74,
殖,zhik4,74,
冪,mik4,74,
屹,ngih4,74,
稽,khi2,74,
稽,ki1,74,
朦,mung1,74,
戮,luk4,74,
孵,fu1,74,
妨,fong1,73,
皿,ming2,73,
羥,khang1,73,
懇,khen2,73,
系,yi3,73,
繫,yi3,73,
係,ki3,73,
繫,ki3,73,
澍,zhiu3,73,
澍,ciu3,73,
萼,ngok4,72,
虔,gie1,72,
舷,yae1,72,
孢,pau1,72,
逵,gui1,72,
逵,guei1,72,
臼,gieu2,72,
盹,ciun3,72,
薈,uei3,72,
銻,di1,72,
鬃,tzung1,72,
怖,pu3,72,
腑,fu2,72,
籲,yu3,72,
吁,hiu1,72,
筏,vah4,71,
皰,phau3,71,
夔,gui1,71,
夔,guei1,71,
喙,hui3,71,
喙,huei3,71,
莢,kiah4,70,
篡,tsae3,70,
鎬,ghau2,70,
舶,bak4,70,
啡,fi1,70,
楣,mi1,70,
褂,kua3,70,
汰,tha3,70,
啡,phei2,70,
誡,ka3,70,
詣,ngi3,70,
慚,zae1,69,
慚,dzae1,69,
顎,ngok4,69,
謁,ih4,69,
拗,au3,69,
訛,ngou1,69,
訛,ghou1,69,
嫡,tik4,69,
痢,li3,69,
殆,dai2,69,
贅,cui3,69,
贅,tzei3,69,
穹,khiung1,69,
蝦,gho1,68,
痧,so1,68,
枷,ko1,68,
眶,khiong1,68,
眶,khuong1,68,
楔,siah4,68,
楔,sih4,68,
鉚,mau2,68,
氓,mang1,68,
吝,lin3,68,
誣,mu1,68,
誣,vu1,68,
賒,shia1,67,
蝸,kuo1,67,
璜,wong1,67,
銑,siae2,67,
螯,ngau1,67,
婢,bi2,67,
咨,tzy1,67,
諮,tzy1,67,
諮,tzy1,67,
榴,lieu1,67,
輦,lie2,66,
騾,lou1,66,
唾,thou3,66,
娑,sou1,66,
忱,zhin1,66,
睫,tzih4,65,
啷,long1,65,
瓤,niang1,65,
瓤,zhiang1,65,
巔,tiae1,65,
癆,lau3,65,
鏗,khang1,65,
榛,tzin1,65,
蔬,su1,65,
曇,de1,64,
鱔,zhie2,64,
頡,yaeh4,64,
蹺,khiau1,64,
皎,kiau2,64,
壕,ghau1,64,
嘣,pang1,64,
牲,sang1,64,
溺,nik4,64,
蟄,jih4,64,
哏,ghen2,64,
隕,yun2,64,
戾,li3,64,
塾,zhiuk4,64,
鴛,ioe1,63,
翌,yik4,63,
亙,keng3,63,
蘑,mou1,63,
締,di3,63,
耽,te1,62,
撾,kou1,62,
熒,yung1,62,
羈,ki1,62,
邈,mok4,62,
竣,tsin1,62,
骸,gha1,62,
礪,li3,62,
輻,fuk4,62,
惶,wong1,61,
冽,lih4,61,
掣,chih4,61,
臊,sau1,61,
銼,tsou3,61,
礫,lik4,61,
忿,ven2,61,
睞,lai3,61,
俘,fu1,61,
拄,ciu2,61,
蛛,ciu1,61,
蚜,ngo1,60,
蝗,wong1,60,
芍,zhiok4,60,
蔑,miah4,60,
蔑,mih4,60,
遏,oh4,60,
遏,eh4,60,
鰻,moe1,60,
鉸,kau3,60,
嶸,yang1,60,
嶸,yung1,60,
咣,kak1,60,
賄,huei2,60,
漩,zioe3,59,
繕,zhie3,59,
羯,kih4,59,
顥,ghau2,59,
跛,pou2,59,
娉,phing3,59,
鷲,zieu3,59,
鷲,dzieu3,59,
潷,pih4,59,
殃,iang1,58,
鑾,loe1,58,
肴,ghau1,58,
禱,tau2,58,
鍺,tou2,58,
耦,ngeu2,58,
狩,shieu3,58,
浚,sin3,58,
濬,sin3,58,
殉,zin3,58,
錕,kuen1,58,
陛,bi2,58,
屜,thi3,58,
蛀,ciu3,58,
諳,e1,57,
謗,pong3,57,
愕,ngok4,57,
奠,diae3,57,
齧,ngiah4,57,
剿,tziau2,57,
勦,tziau2,57,
姘,phing1,57,
漓,li1,57,
瀏,lieu1,57,
蝠,fuk4,57,
孺,niu3,57,
孺,zhiu3,57,
懾,shih4,56,
落,lok4,56,
雋,zioe2,56,
雋,dzioe2,56,
翩,phie1,56,
倌,kuoe1,56,
讕,lae1,56,
惰,dou2,56,
哽,kang2,56,
摒,ping3,56,
騁,ching2,56,
韭,kieu2,56,
斛,ghuk4,56,
俸,vung3,56,
匈,hiung1,56,
閭,li1,56,
閭,liu1,56,
黍,sy2,56,
黍,shiu2,56,
牒,diah4,55,
芡,gie2,55,
箔,bok4,55,
峭,tsiau3,55,
狡,kau2,55,
瑙,nau2,55,
賁,pi3,55,
嗽,seu3,55,
迄,hih4,55,
賁,pen1,55,
歿,meh4,55,
桅,nguei1,55,
桅,wei1,55,
朧,lung1,55,
盂,yu1,55,
酪,lok4,54,
轅,yoe1,54,
寥,liau1,54,
媳,sik4,54,
悖,bei3,54,
釹,niu2,54,
闔,ghah4,53,
闔,gheh4,53,
囁,nih4,53,
囁,zhih4,53,
桉,oe3,53,
哮,hau3,53,
蚤,tzau2,53,
疵,zy1,53,
疵,dzy1,53,
甌,eu1,53,
拇,meu2,53,
藹,ai3,53,
耙,bo3,52,
蹋,dah4,52,
膀,bong1,52,
寞,mok4,52,
攘,niang1,52,
攘,zhiang1,52,
諺,ngie3,52,
螟,ming1,52,
峙,jy2,52,
綬,zhieu2,52,
嫉,zih4,52,
嫉,dzih4,52,
瀆,duk4,52,
幌,wong2,51,
闡,chie2,51,
噘,kioh4,51,
藐,miau2,51,
鍬,tsiau1,51,
簑,sou1,51,
埂,kang1,51,
腋,yik4,51,
嗤,chy1,51,
簑,sei1,51,
矗,chiuk4,51,
莆,bu1,51,
踞,kei3,51,
踞,kiu3,51,
粕,phok4,50,
蜒,ye1,50,
譴,khie3,50,
渙,huoe3,50,
繹,yik4,50,
鏤,leu3,50,
泅,zieu1,50,
縉,tzin3,50,
憫,min2,50,
癰,iung1,50,
迂,yu1,50,
粑,po1,49,
鐮,lie1,49,
蕨,kioh4,49,
絛,thau1,49,
兢,king1,49,
拯,cing2,49,
轡,pi3,49,
漚,eu3,49,
漚,eu1,49,
窒,cih4,49,
瘧,ngiak4,48,
佃,diae1,48,
跚,sae1,48,
校,ghau3,48,
校,kau3,48,
蔻,heu3,48,
氖,nai2,48,
髁,khuei3,48,
癩,la3,48,
鍶,sung1,48,
沮,zi2,48,
沮,dziu2,48,
沮,tzi3,48,
沮,tziu3,48,
鈀,po1,47,
晌,shiang2,47,
稷,tzik4,47,
隧,zui3,47,
隧,zei3,47,
蓽,pih4,47,
瀕,pin1,47,
茴,wei1,47,
餒,nei2,47,
瀘,lu1,47,
杈,tso1,46,
懺,tsae3,46,
嫦,zhiang1,46,
疙,ngih4,46,
蟀,siuh4,46,
櫓,lu2,46,
琶,bo1,45,
盎,ong3,45,
橇,khiau1,45,
謄,deng1,45,
緝,tsih4,45,
捫,men1,45,
髖,khuen1,45,
徊,wei1,45,
嵇,yi1,45,
睨,ngi3,45,
侮,mu2,45,
侮,vu2,45,
腩,ne2,44,
齶,ngok4,44,
鍘,zah4,44,
鍘,dzah4,44,
劭,zhiau3,44,
翱,ngau1,44,
軻,khou1,44,
暝,ming1,44,
匱,gui3,44,
匱,guei3,44,
砧,cin1,44,
忖,tsen2,44,
皚,ngai1,44,
會,wei3,44,
會,kuei3,44,
彗,zui3,44,
彗,zei3,44,
侗,dung3,44,
侗,thung2,44,
倏,shiuk4,44,
琥,hu2,44,
駑,nu1,44,
嘁,tzeh4,43,
嘁,tzah4,43,
釧,chioe3,43,
湍,thoe1,43,
羶,dae2,43,
緲,miau2,43,
羔,kau1,43,
惺,sing1,43,
祟,sui3,43,
祟,sei3,43,
蒞,li3,43,
駟,sy3,43,
鉍,pi3,43,
酋,zieu1,43,
酋,dzieu1,43,
妊,nin3,43,
妊,zhin3,43,
訖,kih4,43,
詫,tho3,42,
畈,fae3,42,
昴,mau2,42,
苕,diau1,42,
鯽,tzik4,42,
哞,meu1,42,
虯,gieu1,42,
冗,niung2,42,
冗,zhiung2,42,
奄,ie2,41,
亟,kik4,41,
桁,ghang1,41,
乒,phing1,41,
匕,pi2,41,
菩,bu1,41,
塹,tsie3,40,
婊,piau2,40,
么,mou2,40,
麼,mou2,40,
磋,tsou1,40,
猩,sing1,40,
惕,thik4,40,
礎,tsu2,40,
喋,diah4,39,
斫,ciak4,39,
炔,kioh4,39,
駢,biae1,39,
撣,dae1,39,
陂,phou1,39,
陂,bi1,39,
陂,pi1,39,
陂,pei1,39,
稗,ba3,39,
碌,luk4,39,
匆,tsung1,39,
窿,lung1,39,
鳧,vu1,39,
篛,niak4,38,
篛,zhiak4,38,
顫,cie3,38,
酵,kau3,38,
嘹,liau1,38,
洱,ni2,38,
誹,fi3,38,
羸,li1,38,
羸,lei1,38,
譬,phi3,38,
濰,wi1,38,
濰,vi1,38,
坍,thae1,37,
涸,gok4,37,
誑,kiong3,37,
誑,kuong3,37,
鏘,tsiang1,37,
桔,kih4,37,
撻,thah4,37,
蕎,giau1,37,
淖,nau3,37,
軾,shik4,37,
匙,zhy1,37,
紓,sy1,37,
紓,shiu1,37,
葩,pho1,36,
慷,khong2,36,
阡,tsiae1,36,
斡,ueh4,36,
悸,gui3,36,
悸,guei3,36,
梆,pong1,36,
廄,kieu3,36,
褥,niuk4,36,
褥,zhiuk4,36,
佘,zhia1,35,
佘,shia1,35,
攫,kiok4,35,
鮫,kau1,35,
皤,bou1,35,
俚,li2,35,
雹,bok4,35,
氛,fen1,35,
殯,pin3,35,
哂,shin2,35,
燼,zin3,35,
嗶,pih4,35,
徠,lai1,35,
漉,luk4,35,
畜,chiuk4,35,
畜,hiuk4,35,
榔,long1,34,
爨,tsoe3,34,
邯,ghoe1,34,
舐,zhy2,34,
涪,veu1,34,
崛,giuh4,34,
豺,za1,34,
豺,dza1,34,
懦,niu1,34,
懦,zhiu1,34,
麝,zhia3,33,
緘,kae1,33,
邋,lah4,33,
韁,kiang1,33,
瘴,ciang1,33,
諞,bie2,33,
癜,tiae3,33,
僥,ngiau1,33,
蔦,tiau2,33,
篙,kau1,33,
邏,lou3,33,
幟,chy3,33,
謅,tzeu1,33,
醞,iun3,33,
賚,lai3,33,
舂,shiung1,33,
滁,dzy1,33,
滁,jiu1,33,
滂,phong1,32,
蟠,boe1,32,
遨,ngau1,32,
臆,ik4,32,
屐,giak4,32,
粳,kang1,32,
璣,ki1,32,
缶,feu2,32,
溧,lih4,32,
玳,dai3,32,
籟,la3,32,
滸,hu2,32,
琺,fah4,31,
贍,zhie3,31,
搪,dong1,31,
憚,dae3,31,
胖,phoe3,31,
繚,liau1,31,
惻,tsik4,31,
叵,phou2,31,
阱,zing2,31,
阱,dzing2,31,
罹,li1,31,
侈,chy2,31,
覲,gin3,31,
淶,lai1,31,
檜,kuei3,31,
賂,lu3,31,
蟆,mo1,30,
蟆,po1,30,
顴,gioe1,30,
灤,loe1,30,
菠,pou1,30,
驀,mak4,30,
痙,ging2,30,
佞,ning3,30,
豕,shy2,30,
妣,pi2,30,
綹,lieu2,30,
疚,kieu3,30,
帚,cieu2,30,
姻,in1,30,
蠡,li2,30,
蜈,ngu1,30,
蜈,ng1,30,
訝,ngo3,29,
訝,nga3,29,
躡,nih4,29,
鑠,shiok4,29,
掇,toh4,29,
掇,teh4,29,
嚀,ning1,29,
罄,khing3,29,
蒔,zhy1,29,
期,gi1,29,
淄,tzy1,29,
姒,zy2,29,
旎,ni2,29,
覬,ki3,29,
笈,gih4,29,
嬡,ai3,29,
湃,pha3,29,
苫,shie1,28,
蹶,kioh4,28,
謾,moe1,28,
戛,kah4,28,
剽,biau1,28,
澄,jing1,28,
嗇,sik4,28,
閡,ghek4,28,
窠,khou1,28,
蝌,khou1,28,
菏,ghou1,28,
瞑,ming1,28,
巷,ghong3,28,
逑,gieu1,28,
閡,ngai3,28,
噥,nung1,28,
脯,bu1,28,
鱸,lu1,28,
瑚,wu1,28,
脯,fu2,28,
瞰,khae3,27,
砭,pie1,27,
徨,wong1,27,
洌,lih4,27,
鈿,diae1,27,
碉,tiau1,27,
萄,dau1,27,
驁,ngau3,27,
驁,ngau1,27,
睾,kau1,27,
鯁,kang2,27,
嚦,lik4,27,
其,gi1,27,
鸝,li1,27,
戲,hi3,27,
鄖,yun1,27,
沭,zhiuh4,27,
黜,chiuh4,27,
薜,bi3,27,
菽,shiuk4,27,
麩,fu1,27,
鎵,ko1,26,
玷,tiae2,26,
惦,tiae3,26,
衲,neh4,26,
衲,nah4,26,
橄,kae2,26,
橄,ke2,26,
誆,giong3,26,
誆,guong3,26,
摜,kuae3,26,
摜,guae3,26,
饅,moe1,26,
蟈,kuak4,26,
銥,i1,26,
弭,mi2,26,
奇,gi1,26,
奇,ki1,26,
餾,lieu1,26,
赳,kieu2,26,
囤,den2,26,
徘,bei1,26,
嫫,mu1,26,
嫫,m1,26,
蠕,niu1,26,
蠕,zhiu1,26,
疽,tsi1,26,
疽,tsiu1,26,
肓,huong1,25,
螂,long1,25,
乓,phong1,25,
瘍,yang1,25,
豢,wae3,25,
獺,thah4,25,
爿,bae1,25,
秸,kah4,25,
縹,phiau2,25,
庖,bau1,25,
檄,yik4,25,
蜓,ding1,25,
鈰,zhy2,25,
邳,bi1,25,
逄,bong1,25,
紊,men3,25,
紊,ven3,25,
蚓,yin2,25,
繽,phin1,25,
沌,den2,25,
璦,ai3,25,
艾,ngai3,25,
葫,wu1,25,
蝴,wu1,25,
訃,fu3,25,
雎,tsi1,25,
雎,tsiu1,25,
查,zo1,24,
查,dza1,24,
查,tzo1,24,
查,tza1,24,
愜,khiah4,24,
岬,kah4,24,
惋,uoe3,24,
劾,ghek4,24,
哚,tou2,24,
獰,nang1,24,
獰,ning1,24,
霹,phik4,24,
痱,vi1,24,
巋,khui1,24,
巋,khuei1,24,
呻,shin1,24,
茁,ciuh4,24,
膾,kuei3,24,
洄,wei1,24,
鮭,kui1,24,
鮭,kuei1,24,
躋,tzi1,24,
恫,dung3,24,
笆,po1,23,
胳,kok4,23,
餞,zie2,23,
餞,dzie2,23,
袒,dae2,23,
鼾,hoe1,23,
獠,liau1,23,
嬤,mou2,23,
汜,zy2,23,
槊,sok4,23,
鎏,lieu1,23,
釁,hin3,23,
狽,pei3,23,
矚,ciuk4,23,
鸕,lu1,23,
螞,mo2,22,
攣,lioe1,22,
騸,shie3,22,
篾,miah4,22,
篾,mih4,22,
瘓,thoe2,22,
媼,au2,22,
甥,sang1,22,
犧,hi1,22,
琵,bi1,22,
蜃,zhin2,22,
鼐,nai3,22,
篦,pi1,22,
臌,ku2,22,
垟,yang1,21,
鰱,lie1,21,
刹,tsah4,21,
婀,ou1,21,
頸,king2,21,
櫟,lik4,21,
琢,tzok4,21,
侔,meu1,21,
荏,nin2,21,
荏,zhin2,21,
牘,duk4,21,
咀,zi2,21,
咀,dziu2,21,
柞,tzok4,20,
孌,lioe2,20,
孿,lioe1,20,
輾,nie2,20,
輾,cie2,20,
垡,vah4,20,
閂,sae1,20,
韃,thah4,20,
咆,bau1,20,
銫,sik4,20,
鄱,bou1,20,
儆,ging3,20,
滓,tzy2,20,
躊,jieu1,20,
圾,sih4,20,
惚,hueh4,20,
柰,na3,20,
蠣,li3,20,
咐,fu3,20,
炷,ciu3,20,
霎,sah4,19,
郟,kah4,19,
胱,kuong1,19,
堊,ok4,19,
肪,fong1,19,
抉,kioh4,19,
挈,khih4,19,
腆,thiae2,19,
猾,ghah4,19,
饕,thau1,19,
鰳,lek4,19,
簸,pou2,19,
蠑,yang1,19,
蠑,yung1,19,
幗,kuak4,19,
笞,chy1,19,
騎,gi3,19,
騎,gi1,19,
慪,eu2,19,
鰍,tsieu1,19,
賃,nin3,19,
妗,gin3,19,
鶉,zhiun1,19,
紉,nin1,19,
玟,min1,19,
溉,kai3,19,
疥,ka3,19,
鯢,ngi1,19,
苜,muk4,19,
殳,zhiu1,19,
詛,tzu3,19,
頷,ghe2,18,
彷,bong1,18,
徬,bong1,18,
貉,ghok4,18,
魎,liang2,18,
鴦,iang1,18,
猖,chiang1,18,
捩,lih4,18,
訕,sae3,18,
鐐,liau3,18,
懊,au3,18,
瘠,zik4,18,
瘠,dzik4,18,
汨,mik4,18,
鶿,zy1,18,
鶿,dzy1,18,
齪,tsok4,18,
謳,eu1,18,
詬,keu2,18,
吩,fen1,18,
粼,lin1,18,
筮,zhi3,18,
嚨,lung1,18,
穌,su1,18,
嶄,zae2,17,
嶄,dzae2,17,
鍁,hie1,17,
鯰,niae1,17,
戧,tsong1,17,
趔,lih4,17,
茇,boh4,17,
茇,bah4,17,
迢,diau1,17,
橢,thou2,17,
鴕,dou1,17,
省,siang2,17,
省,sing2,17,
省,sing2,17,
娌,li2,17,
臂,pi3,17,
悴,zui3,17,
悴,dzei3,17,
瘁,zui3,17,
瘁,dzei3,17,
鱟,heu3,17,
忸,niuk4,17,
嘸,mu2,17,
嘸,vu2,17,
洳,niu1,17,
洳,zhiu1,17,
戡,khe1,16,
赧,nae2,16,
茭,kau1,16,
蠃,lou2,16,
黥,ging1,16,
翟,dzak4,16,
翟,dik4,16,
洎,gi3,16,
咄,teh4,16,
衩,tsa3,16,
蛔,wei1,16,
醅,phei1,16,
俳,ba1,16,
苣,gei2,16,
苣,giu2,16,
倨,kei3,16,
倨,kiu3,16,
裟,so1,15,
蚶,hae1,15,
箝,gie1,15,
肮,ghong2,15,
骯,ghong2,15,
戩,tzie3,15,
魃,boh4,15,
魃,bah4,15,
鉋,bau1,15,
刨,bau1,15,
釕,liau2,15,
玀,lou1,15,
蹉,tsou1,15,
絎,ghang3,15,
虻,mang1,15,
鸚,ang1,15,
屏,bing1,15,
皈,kui1,15,
皈,kuei1,15,
兕,zy2,15,
蹂,nieu3,15,
蹂,zhieu3,15,
餛,wen1,15,
錸,lai1,15,
蝮,fuk4,15,
僳,suk4,15,
褸,liu2,15,
厙,shia3,14,
蒹,kiae1,14,
瘩,teh4,14,
瘩,tah4,14,
鯧,chiang1,14,
痊,tsioe1,14,
鈑,pae2,14,
聒,kueh4,14,
殍,biau2,14,
犛,mau1,14,
忑,thek4,14,
貘,mak4,14,
酩,ming2,14,
伲,ni2,14,
狒,vi3,14,
晷,kui2,14,
晷,kuei2,14,
嵋,mi1,14,
榷,khok4,14,
螻,leu1,14,
逅,gheu3,14,
擻,seu2,14,
艏,shieu2,14,
秫,zhiuh4,14,
蓖,pi1,14,
氌,lu2,14,
駙,vu3,14,
尷,kae1,13,
鑷,nih4,13,
蹌,tsiang1,13,
拮,kih4,13,
靦,thiae2,13,
瘢,boe1,13,
憔,ziau1,13,
憔,dziau1,13,
嘌,phiau1,13,
鳥,tiau2,13,
貊,mak4,13,
柵,tsak4,13,
鬲,kak4,13,
枸,keu2,13,
檁,lin2,13,
詵,sin1,13,
碚,bei2,13,
嬖,pi3,13,
囪,tsung1,13,
杷,bo1,12,
孀,song1,12,
娩,mie2,12,
癍,pae1,12,
秣,moh4,12,
秣,meh4,12,
匏,bau1,12,
淆,ghau1,12,
瞭,liau2,12,
嵊,zhing3,12,
螫,shik4,12,
蛉,ling1,12,
脡,thing2,12,
伺,sy3,12,
蜞,gi1,12,
蝟,wi3,12,
蝟,wei3,12,
馗,gui1,12,
馗,guei1,12,
毖,pi3,12,
剝,pok4,12,
諄,ciun1,12,
遴,lin3,12,
遴,lin1,12,
捭,pa2,12,
傀,khuei2,12,
傀,kuei1,12,
醍,di1,12,
猊,ngi1,12,
洶,hiung1,12,
輅,lu3,12,
蛄,ku1,12,
躇,dzy1,12,
躇,jiu1,12,
踫,bae1,11,
隍,wong1,11,
濼,phok4,11,
嬗,zhie3,11,
橛,gioh4,11,
嶗,lau1,11,
猱,nau1,11,
穡,sik4,11,
堋,bang1,11,
堋,pang3,11,
眚,siang2,11,
眚,sing2,11,
糴,dik4,11,
塒,zhy1,11,
蜘,cy1,11,
秕,pi2,11,
嗍,sok4,11,
圇,liun1,11,
嶙,lin1,11,
鼙,bi1,11,
嚏,ti3,11,
乩,ki1,11,
礱,lung1,11,
袱,vuk4,11,
崆,khung1,11,
臃,iung1,11,
戽,hu3,11,
骷,khu1,11,
趺,fu1,11,
唁,ngie3,10,
擐,wae3,10,
螵,phiau1,10,
鴇,pau2,10,
魄,phak4,10,
骼,kak4,10,
怦,phang1,10,
靂,lik4,10,
囹,ling1,10,
仳,bi1,10,
犖,lok4,10,
搠,sok4,10,
豇,kong1,10,
鬮,kieu1,10,
轔,lin1,10,
汏,da3,10,
齏,tzi1,10,
轆,luk4,10,
櫝,duk4,10,
蠓,mung2,10,
櫚,li1,10,
櫚,liu1,10,
婪,le1,9,
泔,kae1,9,
泔,ke1,9,
螃,bong1,9,
螳,dong1,9,
鏌,mok4,9,
拓,thok4,9,
踉,liang3,9,
踉,liang1,9,
鯗,siang2,9,
縣,yoe3,9,
瞌,khoh4,9,
瞌,kheh4,9,
齙,bau1,9,
犒,khau3,9,
渦,ou1,9,
艋,mang2,9,
石,zhiak4,9,
抨,phang1,9,
猙,tzang1,9,
濘,ning3,9,
魑,chy1,9,
蟋,sih4,9,
湓,ben1,9,
飩,den1,9,
畚,pen2,9,
艿,nai2,9,
詼,khuei1,9,
恿,yung2,9,
酗,hiu3,9,
颶,giu3,9,
蝻,ne2,8,
襤,lae1,8,
嵌,khae1,8,
灄,shih4,8,
漭,mong2,8,
囥,khong3,8,
钁,kiok4,8,
鑰,yak4,8,
裳,zhiang1,8,
牮,tziae3,8,
豌,uoe1,8,
鰾,biau2,8,
稞,khou1,8,
蟣,ki2,8,
裨,pi1,8,
裨,pei1,8,
庀,phi2,8,
跂,gi1,8,
枇,bi1,8,
肄,yi3,8,
扛,kong1,8,
岌,ngih4,8,
懣,men3,8,
緄,kuen2,8,
愾,khai3,8,
睽,khui1,8,
睽,khuei1,8,
箅,pi3,8,
砒,phi1,8,
孥,nu1,8,
埔,phu2,8,
嚇,ho3,7,
夾,kah4,7,
釤,sae3,7,
胛,kah4,7,
顙,song2,7,
渫,sih4,7,
掮,gie1,7,
獗,kioh4,7,
趼,kiae2,7,
毽,kiae3,7,
襻,phae3,7,
盥,kuoe3,7,
鷯,liau1,7,
鏖,au1,7,
廒,ngau1,7,
色,sik4,7,
迫,pak4,7,
嚇,hak4,7,
擇,dzak4,7,
蜻,tsing1,7,
緦,sy1,7,
澌,sy3,7,
郫,bi1,7,
佝,heu3,7,
蚪,teu2,7,
鍪,mau1,7,
狃,nieu2,7,
蹕,pih4,7,
蒎,pha3,7,
儡,lei2,7,
鎩,sa3,7,
芥,ka3,7,
薺,zi2,7,
薺,dzi2,7,
拏,no1,6,
袈,ko1,6,
袷,kah4,6,
旁,bong1,6,
蜣,khiang1,6,
妁,ciak4,6,
胼,biae1,6,
潸,sae1,6,
蹣,boe1,6,
覅,viau3,6,
覅,fiau3,6,
覅,fiau1,6,
脬,phau1,6,
潲,sau3,6,
褓,pau2,6,
愎,bik4,6,
蟛,bang1,6,
蜢,mang2,6,
尉,ui3,6,
尉,uei3,6,
糜,mi1,6,
泌,pi3,6,
蒴,sok4,6,
飪,nin2,6,
飪,zhin2,6,
唚,tsin3,6,
術,zhiuh4,6,
篳,pih4,6,
娠,shin1,6,
饉,gin3,6,
坌,ben3,6,
囫,hueh4,6,
崍,lai1,6,
蕻,ghung3,6,
黷,duk4,6,
縮,suk4,6,
蛐,khiuk4,6,
鴣,ku1,6,
疰,ciu3,6,
齟,zu2,6,
齟,dzu2,6,
且,tsia2,5,
且,tsi2,5,
賈,ko2,5,
跏,ko1,5,
搿,gheh4,5,
忐,the2,5,
腳,kiak4,5,
臠,lioe2,5,
湎,mie2,5,
搣,mih4,5,
鱖,kioh4,5,
蝙,piae1,5,
蛞,khueh4,5,
鮁,poh4,5,
鮁,peh4,5,
蛸,siau1,5,
艄,sau1,5,
鯪,ling1,5,
朶,tou2,5,
馱,dou1,5,
搦,nak4,5,
搦,nuak4,5,
鰣,zhy1,5,
鷥,sy1,5,
埤,bi1,5,
陴,bi1,5,
蚍,bi1,5,
蜊,li1,5,
煝,mi3,5,
搦,nok4,5,
嶁,leu2,5,
髏,leu1,5,
蚯,khieu1,5,
椹,zhin2,5,
椹,cin1,5,
猻,sen1,5,
邶,bei3,5,
簏,luk4,5,
蚣,kung1,5,
癃,lung1,5,
賈,ku2,5,
嶇,khiu1,5,
鵪,e1,4,
攝,shih4,4,
絡,lok4,4,
淺,tsie2,4,
萬,mae3,4,
萬,vae3,4,
淺,tziae1,4,
潦,liau1,4,
笤,diau1,4,
側,tzih4,4,
腡,lou1,4,
甏,bang3,4,
尺,chiak4,4,
轢,lik4,4,
聹,ning1,4,
鵯,pi1,4,
鵯,pei1,4,
螄,sy1,4,
夯,hong1,4,
僂,leu1,4,
蜉,veu1,4,
虼,ngih4,4,
齦,khen2,4,
躪,lin3,4,
疋,phih4,4,
鍆,men1,4,
劊,kuei3,4,
褪,thei3,4,
提,di1,4,
瀑,buk4,4,
腖,tung3,4,
猢,wu1,4,
醐,wu1,4,
鵡,mu2,4,
鵡,vu2,4,
蛤,keh4,3,
垵,ae2,3,
垵,e2,3,
葉,yeh4,3,
蒡,pong2,3,
畎,kioe2,3,
舨,pae2,3,
灒,tzae3,3,
舢,sae1,3,
趵,pau3,3,
鐒,lau1,3,
皁,zau2,3,
皁,dzau2,3,
聱,ngau1,3,
氏,zhy2,3,
獼,mi1,3,
踟,jy1,3,
韝,bi3,3,
蛑,meu1,3,
瀋,chin2,3,
垽,ngin3,3,
荸,beh4,3,
肭,neh4,3,
鎄,ai1,3,
砹,ngai3,3,
褙,pei3,3,
鐾,bi3,3,
渧,ti3,3,
紅,ghung1,3,
艨,mung1,3,
屬,zhiuk4,3,
車,chia1,2,
車,tso1,2,
杉,sae1,2,
蟥,wong1,2,
磉,song2,2,
瘼,mok4,2,
強,giang2,2,
強,giang1,2,
氕,phih4,2,
菝,bah4,2,
筲,sau1,2,
澠,zhing1,2,
摑,kuak4,2,
屛,bing1,2,
蔚,ui3,2,
蔚,uei3,2,
庳,bi2,2,
雰,fen1,2,
慇,in1,2,
殷,in1,2,
瞵,lin1,2,
澠,min2,2,
狴,bi2,2,
埲,bung1,2,
摝,luk4,2,
車,kei1,2,
車,kiu1,2,
猞,shia2,1,
榨,tzo3,1,
嵒,ngae1,1,
杴,hie1,1,
合,gheh4,1,
閤,gheh4,1,
誻,deh4,1,
誻,dah4,1,
合,keh4,1,
詤,huong2,1,
噁,ok4,1,
惡,ok4,1,
繁,vae1,1,
撮,tsoh4,1,
撮,tseh4,1,
括,kueh4,1,
括,kuah4,1,
襇,kae2,1,
繰,tsiau1,1,
炮,phau3,1,
嘲,tzau1,1,
鵰,tiau1,1,
識,shik4,1,
摩,mou1,1,
嗌,ik4,1,
適,shik4,1,
絣,pang1,1,
蟢,hi2,1,
識,cy3,1,
舭,pi2,1,
祕,pi3,1,
讀,deu3,1,
臭,chieu3,1,
揫,tzieu1,1,
沈,shin2,1,
沈,jin1,1,
枴,kua2,1,
漑,kai3,1,
睩,luk4,1,
讀,duk4,1,
齆,ung3,1,
眾,ciung3,1,
湧,yung2,1,
踴,yung2,1,
惡,u3,1,
嗄,so3,0,
搚,leh4,0,
抈,ngioh4,0,
顛,tiae1,0,
顛,tin1,0,
鞔,moe1,0,
薧,khau3,0,
餩,ek4,0,
嘿,hek4,0,
挲,sou1,0,
掽,bang3,0,
疿,fi3,0,
否,bi2,0,
否,feu2,0,
胐,khueh4,0,
嗄,a3,0,
塕,ung2,0,
姥,mu2,0,
姥,lau2,0,
姥,m2,0,
句,kiu3,0,
雫,no3,,
沢,tsak4,,
芷,cy2,,
沰,tuk4,,
煬,yang1,,
凼,dong3,,
罱,,,
䤿,,,
𥳖,,,
驐,,,
狧,wek4,,
搛,kae2,,
𢫭,niuk4,,
潽,phu1,,
熯,hoe1,,
氽,then2,,
汆,tsoe1,,
襔,moe1,,
甏,,,
䈆,,,
屄,pi1,,
㽹,,,
疻,,,
淴,huk4,,
𬁭,ang1,,