詞語,讀音,備註
T,thi1,
T恤,,
Android,oe1 jiok,
RIME,le2 m1,
在許,,
扗許,,
在扗,,
冊那,tsak na1,
戳倷,tsak na1,
乾坤,gie1 khuen1,
乾隆,gie1 lung1,
貼貼,,
小姊妹,,
觀前,,
觀前街,,
浙江大學,,
蘇州大學,,
蘇州中心,,
復旦大學,,
太陽,,
太陽頭裏,,
旺太陽,,
瞎子太陽,,
太陽光,,
陰頭裏,,
天狗喫太陽,,
野太陽喫家太陽,,
月亮,,
月亮頭裏,,
天狗喫月亮,,
野月亮喫家月亮,,
暗星夜,,
天河,,
掃帚星,,
大風,,
颱風,,
順風,,
頂頭風,,
頂頭老逆風,,
起風,,
吹風,,
風停着,,
風嘸不着,,
烏雲,,
雷響,,
陣頭響,,
空陣頭,,
天打,,
豁閃,hueh shie2,
落雨,,
小雨,,
毛毛雨,,
大雨,,
陣頭雨,,
雨停着,,
雨弗落着,,
落像着,,
結冰,,
凌堂,,
冰排,,
落雪,,
大雪,,
雪珠,,
雨夾雪,,
春雪,,
雪煬着,,
露水,,
霜打,,
迷露,,
天氣,,
好天,,
陰子天,,
天熱,,
天冷,,
風涼,,
暖熱,,
太陽旺,,
熱顯,,
伏裏,,
頭伏,,
二伏,,
大伏,,
末伏,,
發冷信,,
拗春冷,,
連底凍,,
半山腰,,
山腳下,,
山澗水,,
稻田,,
菜地,,
水凼,,
陰溝,,
河灘丄,,
天落水,,
橑檐頭水,,
發大水,,
冷水,,
溫吞水,,
熱水,,
滾水,,
石頭,,
小石頭,,
石卵子,,
沙泥,,
土坯,,
磚坯,,
磚頭,,
碎磚頭,,
方磚,,
瓦爿,,
灰塵,,
塳塵,,
檐塵,,
爛泥,,
金子,,
銀子,,
洋鉛皮,,
洋油,,
石灰,,
梗灰,,
水泥,,
水門汀,,
吸鐵石,,
夫炭,,
柏油,,
桐油,,
煤炭,,
村莊,,
弄堂,,
城門洞,,
閻王路,,
場許,,
地方,,
上頭,,
下頭,,
濟面,,
濟手面,,
右面,,
橫多裏,,
地當中,,
內當中,,
前頭,,
後頭,,
前腳,,
後腳,,
末腳,,
屁股頭,,
對過,,
門前,,
眼門前,,
背後頭,,
陰山背後,,
世界天丄,,
裏向,,
裏勢,,
外頭,,
外勢,,
邊丄,,
邊邊丄,,
邊丄向,,
近段,,
轉角嘴,,
天丄,,
地丄,,
臺子丄,,
城裏向,,
城裏,,
鄉下頭,,
鄉下,,
心裏向,,
心裏,,
手裏向,,
手裏,,
路邊丄,,
水裏向,,
水裏,,
山丄,,
路丄,,
街丄,,
鎮丄,,
牆頭丄,,
車子丄,,
門口頭,,
樓腳下頭,,
腳底下,,
牀底下,,
碗底坨,,
望裏向走,,
望外頭走,,
望前頭走,,
回頭走,,
春天,,
熱天,,
秋天,,
冷天,,
打春,,
曆本,,
月份牌,,
大年夜,,
小年夜,,
年夜頭,,
年初一,,
拜年,,
正月半,,
清明節,,
寒食節,,
端午節,,
八月半,,
中秋節,,
七月初七,,
七月半,,
重陽節,,
冬至,,
今年,,
舊年,,
開年,,
前年子,,
大前年子,,
往年,,
後年,,
大後年,,
閏年,,
年初頭丄,,
年底,,
一個月,,
一個號頭,,
軟熱,,
號頭,,
大月,,
小月,,
正月,,
閏月,,
閏幾月,,
着上個月,,
着上個號頭,,
上個月,,
上個號頭,,
這個月,,
這個號頭,,
下個月,,
下個號頭,,
號頭丄,,
月半,,
月底,,
一個禮拜,,
日腳,,
今朝,,
今朝點,,
昨日,,
昨日処,,
昨日子処,,
明朝,,
後日,,
前日,,
前日子,,
前日子処,,
大前日,,
大後日,,
箇日,,
箇日子,,
箇日子処,,
禮拜日,,
禮拜,,
一日天,,
大半日,,
半日天,,
上半日,,
上晝,,
上晚晝,,
中丄快,,
中丄,,
中晝心裏,,
下半日,,
下晝,,
下晚晝,,
半夜三更,,
半夜把,,
大清老早,,
天亮快,,
朝丄,,
日裏,,
夜快,,
垂夜快,,
黃昏,,
黃昏頭,,
夜裏,,
夜頭,,
一夜天,,
半夜把,,
上半夜,,
下半夜,,
陰曆,,
陽曆,,
日朝,,
日逐辰光,,
一點敲過,,
老底子,,
老法頭,,
從前,,
前番,,
前伐,,
先起頭,,
上上來,,
上勒丄,,
姑歇,,
姑掀,,
目前,,
目後,,
後手來,,
後來,,
過後,,
以後,,
一歇,,
一歇歇,,
晏歇,,
等歇,,
阿掀點,,
此番,,
三日兩頭,,
日常世間,,
插秧,,
罱河泥,,
耘稻,,
耥稻,,
斫稻,,
斫麥,,
斫草,,
斫柴,,
摜稻,,
摜麥,,
軋米,,
拔草,,
稻穗頭,,
坌地,,
堊田,,
炕缸,,
豬窠灰,,
捉狗屎,,
肥田粉,,
澆水,,
車水,,
拎水,,
吊水,,
鋤頭,,
鐵搭,,
鐮刀,,
糞桶,,
水車,,
棧條,,
風車,,
磨子,,
磨爿,,
上爿,,
下爿,,
磨心,,
石臼,,
鍘刀,,
斫刀,,
扁擔,,
蒲包,,
叉袋,,
麻叉袋,,
榔頭,,
斧頭,,
鋸子,,
推刨,,
木屑,,
刨花,,
斬片,,
洋釘,,
老虎鉗,,
結鑷子,,
鉸鏈,,
紙金,,
剃頭刀,,
軋剪,,
鐾刀布,,
洋機,,
熨斗,,
梭子,,
山笆,,
升籮,,
栲栳,,
作臺板,,
店家,,
棧房,,
客棧,,
喫食店,,
飯店,,
菜館,,
菜思館,,
酒店,,
麪店,,
布店,,
百貨店,,
菸紙店,,
醬園,,
米店,,
茶館店,,
剃頭店,,
肉墩頭,,
染坊,,
冶坊,,
典當,,
當頭,,
噹噹頭,,
贖當頭,,
煤球店,,
混堂,,
南貨店,,
老虎竈,,
薰胴擔,,
跑單幫,,
招牌,,
廣告,,
合本,,
做生意,,
店面,,
店堂,,
擺攤頭,,
盤貨,,
櫃檯,,
租房子,,
排門板,,
色板,,
合算,,
討虛頭,,
老價三,,
拆蝕,,
蝕本,,
折本,,
倒板帳,,
殺價,,
上市,,
落市,,
打烊,,
擱煞貨,,
零散銅鈿,,
零散,,
側倒,,
盤纏,,
運道好,,
賬房,,
開銷,,
賺銅鈿,,
喫賠賬,,
利鈿,,
討債,,
水牌,,
發票,,
躉當,,
銅鈿,,
銅錢,,
鈔票,,
票子,,
洋鈿,,
洋錢,,
骨鈿,,
一塊,,
一塊洋鈿,,
一隻羊,,
一角,,
一角洋鈿,,
銅板,,
一個銅板,,
一個銅鈿,,
角子,,
工鈿,,
本鈿,,
算盤,,
秤盤,,
秤星,,
秤梗,,
秤着鉤,,
秤砣,,
秤紐繩,,
磅秤,,
戥盤秤,,
戥盤,,
鐵路,,
火車,,
公路,,
汽車,,
站頭,,
貨色車,,
公共汽車,,
三輪車,,
黃包車,,
人力車,,
黃魚車,,
黃行車,,
腳踏車,,
塌車,,
老爺車,,
航船,,
駛蓬船,,
舢板,,
網船,,
篙子,,
平箕,,
跳板,,
撐篙,,
搖櫓,,
背纖,,
扭繃,,
推艄,,
扳艄,,
擺渡船,,
擺渡,,
擺渡口,,
輪船,,
機帆船,,
插蠟燭,,
衆牲,,
雄馬,,
雌馬,,
雄牛,,
雌牛,,
黃牛,,
水牛,,
小牛,,
驢子,,
騾子,,
羊媽媽,,
綿羊,,
山羊,,
小羊,,
雄狗,,
雌狗,,
巴兒狗,,
雄貓,,
雌貓,,
豬玀,,
豬玀玀,,
老豬婆,,
小豬,,
兔子,,
雞瓜瓜,,
雞腳爪,,
雄雞,,
雌雞,,
小雞,,
伏小雞,,
老伏雞,,
討伏雞,,
踏雄,,
雞蛋,,
生蛋,,
雞冠頭,,
雞腳爪,,
雞仔,,
鴨連連,,
雄鴨,,
雌鴨,,
鴨蛋,,
白烏龜,,
鵝得頭,,
老鴉,,
喜鵲,,
麻雀,,
燕子,,
雁鵝,,
鵓鴿,,
鸚哥,,
仙鶴,,
老鷹,,
老虎,,
雌老虎,,
狐狸,,
狧猻,,
火赤練,,
黃鼠狼,,
老蟲,,
四腳蛇,,
蝙蝠,,
雞夾,,
蠶寶寶,,
結蛛,,
蟢蛛,,
螞米,,
螻蛄,,
曲蟮,,
蝸牛,,
百腳,,
壁虎子,,
蒼蠅,,
蚊子,,
白蝨,,
壁蝨,,
跳蝨,,
才蝍,,
蟑螂,,
叫哥哥,,
各蜢,,
螳螂,,
知了,,
洋茲他,,
蜜蜂,,
胡蜂,,
胡蜂窠,,
蜜糖,,
蝴蝶,,
蜻蜓,,
硬殼蟲,,
麥蝴蝶,,
遊火蟲,,
拆屁蟲,,
鯉魚,,
回魚,,
青魚,,
鰱魚,,
白鰱,,
花鰱,,
鯽魚,,
鱖魚,,
鯿魚,,
鮎魚,,
鰣魚,,
白魚,,
黑魚,,
穿鰷魚,,
盎絲魚,,
塘鯉魚,,
銀魚,,
鯗魚,,
鹹鯗魚,,
黃魚,,
華魚,,
裙帶魚,,
烏賊魚,,
鰻鱺,,
金鯽魚,,
魚鱗爿,,
魚骨頭,,
魚泡泡,,
魚革鰓,,
甩水,,
魚子,,
蝦子,,
蝦仁,,
蝦米,,
開洋,,
蝦皮,,
黃鱔,,
甲魚,,
大閘蟹,,
梭子蟹,,
蟹黃,,
九雌十雄,,
蛤蜊,,
螺螄,,
田螺,,
田雞,,
蛤蟆,,
癩團,,
泥鰍,,
螞蟥,,
烏龜,,
松樹,,
松果,,
柏樹,,
桑樹,,
桑葚,,
楊柳樹,,
梧桐樹,,
梧桐,,
樹梗,,
樹梢,,
樹葉子,,
樹丫子,,
竹頭,,
冬筍,,
春筍,,
筍殼,,
篾青,,
篾黃,,
桂花,,
菊花,,
梅花,,
月季花,,
薔薇花,,
鳳仙花,,
荷花,,
荷葉,,
白蘭花,,
茉莉花,,
玳玳花,,
千年雲,,
花瓣,,
花蕊頭,,
蘆柴,,
茅柴,,
青粘苔,,
服盆,,
雙季稻,,
礱糠,,
稻柴,,
稗草子,,
秕穀,,
糙米,,
白米,,
粳米,,
大米,,
秈米,,
糯米,,
米粉,,
小麥,,
大麥,,
元麥,,
麥柴,,
麩皮,,
麪粉,,
御麥,,
菜子,,
棉花,,
黃豆,,
毛豆,,
綠豆,,
赤豆,,
蠶豆,,
寒寒豆,,
長豇豆,,
扁豆,,
菠菜,,
白菜,,
青菜,,
大菜,,
小青菜,,
雞毛菜,,
捲心菜,,
包菜,,
芹菜,,
藥芹,,
水芹菜,,
韭菜,,
韭芽,,
韭黃,,
莧菜,,
紅莧菜,,
白莧菜,,
菜見,,
塌棵菜,,
蕹菜,,
薺菜,,
蓬蒿菜,,
香菜,,
番茄,,
老卜,,
太湖老卜,,
老卜幹,,
黃老卜,,
辣火,,
燈籠辣火,,
茄子,,
茭白,,
萵苣筍,,
山芋,,
山薯,,
洋山芋,,
洋芋艿,,
芋艿,,
胡蔥,,
洋蔥頭,,
大蒜,,
大蒜頭,,
蒜苗,,
芥菜,,
慈菇,,
香蕈,,
蘑菇,,
老薑,,
嫩姜,,
胡椒,,
馬蘭頭,,
枸杞頭,,
冬瓜,,
南瓜,,
黃瓜,,
絲瓜,,
西瓜,,
扁蒲,,
活蘆,,
桃子,,
杏子,,
杏仁,,
蘋果,,
嘉慶子,,
棗子,,
枇杷,,
楊梅,,
柿子,,
柿餅,,
石榴,,
橘子,,
金橘,,
文旦,,
沙田柚,,
桂圓,,
橄欖,,
栗子,,
葡萄,,
蒲桃,,
沙胡桃,,
香榧子,,
白果,,
西瓜子,,
荸薺,,
甘蔗,,
長生果,,
果肉,,
花生米,,
長生果衣,,
向日葵,,
香瓜子,,
蓮蓬,,
蓮心,,
雞頭米,,
水紅菱,,
老烏菱,,
沙瓜菱,,
開火倉,,
火倉銅鈿,,
點飢,,
撏毛,,
牽磨,,
過飯,,
喫飯,,
喫粥,,
喫點心,,
中飯,,
夜飯,,
早飯,,
燒飯,,
飯燒好着,,
濟熱,,
開飯,,
盛飯,,
搛菜,,
冷飯,,
扒冷飯,,
淘米,,
夾生,,
菜飯,,
蓋澆飯,,
米燒粥,,
飯泡粥,,
泡粥,,
乾粥爛飯,,
飯米糝,,
粥飲湯,,
飯除,,
糉子,,
糰子,,
湯糰,,
圓子,,
青糰子,,
餈毛糰,,
餈飯糰,,
餈飯,,
定榫糕,,
黃鬆糕,,
方糕,,
年糕,,
糖年糕,,
豬油年糕,,
寧波年糕,,
糖粥,,
酵粉,,
老酵,,
發酵粉,,
𢫭面,,
守粉,,
小粉,,
饅頭,,
油煠檜,,
油條,,
闊麪,,
素麪,,
陽春麪,,
光麪,,
寬湯,,
緊湯,,
生煎饅頭,,
餛飩,,
燒賣,,
大餅,,
羌餅,,
老虎腳爪,,
絞捩棒,,
梅花糕,,
海棠糕,,
麪衣,,
麪疙瘩,,
月餅,,
肉月餅,,
酒釀餅,,
雞蛋糕,,
葷小菜,,
冷氣肉,,
熱氣肉,,
斬肉,,
蹄髈,,
腳爪,,
里脊肉,,
坐臀,,
夾心,,
肋條,,
排骨,,
大排,,
小排,,
肚子,,
門槍,,
豬肝,,
腰子,,
鹹肉,,
風肉,,
熟肉,,
醬肉,,
拆燒,,
枵肉,,
鴨肫肝,,
爆魚,,
燻魚,,
薰胴,,
麪拖蝦,,
羊湯,,
肉圓,,
凍水,,
溏黃,,
茶葉蛋,,
白焐蛋,,
紅蛋,,
燉蛋,,
炒蛋,,
荷包蛋,,
水潽蛋,,
皮蛋,,
鹽鴨蛋,,
喜蛋,,
全喜,,
半喜,,
混蛋,,
海蜇,,
小菜,,
素小菜,,
揀菜,,
燒小菜,,
冷盆,,
大菜,,
炒頭,,
熱炒,,
鱔糊,,
爛糊肉絲,,
豆腐,,
豆腐皮,,
百葉,,
豆腐乾,,
豆腐花,,
豆腐漿,,
鹹菜,,
乳腐,,
索粉,,
麪筋,,
油麪筋,,
臭豆腐乾,,
木耳,,
黑木耳,,
白木耳,,
金金菜,,
扁尖,,
烏頭,,
澆頭,,
白篤,,
汆湯,,
改刀,,
着膩,,
得殼,,
嚼弗入,,
味道,,
鹹頭,,
粗鹽,,
細鹽,,
豬油,,
葷油,,
菜油,,
麻油,,
醬油,,
酸醋,,
料酒,,
赤砂糖,,
綿白糖,,
砂糖,,
冰糖,,
味之素,,
胡椒粉,,
甜麪醬,,
豆瓣醬,,
辣火醬,,
小喫,,
老蔔,,
老蔔絲餅,,
槧光荸薺,,
糖芋艿,,
焐熟藕,,
糉子糖,,
麥芽糖,,
黃連頭,,
鹽金花菜,,
支老蔔,,
支酸,,
巧果,,
香菸,,
香菸殼子,,
香菸頭,,
香菸屁股,,
磕頭牌,,
喫香菸,,
旱菸,,
水菸,,
水菸筒,,
紙出,,
喫茶,,
茶葉,,
泡茶,,
原泡茶,,
茶垠,,
茶𪣩,,
喫老酒,,
喫酒,,
燒酒,,
黃酒,,
冬陽酒,,
篩酒,,
肚皮餓,,
嘴乾,,
打扮,,
着衣裳,,
脫衣裳,,
做衣裳,,
着睏,,
扎底,,
定被頭,,
汏衣裳,,
汏一潽,,
毛頭,,
抳席,,
百辮子,,
夾裏,,
大襟,,
小襟,,
下襬,,
領頭,,
繰邊,,
衣裳管,,
褲腰,,
褲襠,,
褲子帶,,
褲腳管,,
腳管,,
袋袋,,
貼邊,,
紐頭,,
紐襻,,
紐子,,
紐頭洞,,
鞋帶,,
鞋底,,
鞋幫,,
士林布,,
白作布,,
夏布,,
帆布,,
夾里布,,
絨頭繩,,
頭繩,,
絨線,,
絲縷,,
杜做个,,
賣家个,,
衣裳,,
長衫,,
馬褂,,
旗袍,,
短打,,
短衫,,
棉襖,,
襖團,,
夾襖,,
單短衫,,
列寧裝,,
殼脫,,
襯衫,,
罩衫,,
球衫,,
司惠脫,,
衛生衫,,
襯裏短衫,,
汗衫,,
馬甲,,
緊身馬甲,,
汗馬甲,,
絨頭繩短衫,,
絨線衫,,
肚兜,,
毛衫,,
褲子,,
單褲,,
夾褲,,
球褲,,
絨頭繩褲子,,
絨線褲,,
襯褲,,
西裝短褲,,
三角褲,,
罩褲,,
開襠褲,,
鞋子,,
棉鞋,,
蚌殼爿棉鞋,,
夾鞋,,
球鞋,,
跑鞋,,
蒲鞋,,
草鞋,,
套鞋,,
釘鞋,,
拖鞋,,
木屐,,
塔辣板,,
小腳鞋子,,
楦頭,,
鞋曳拔,,
鞋肚裏,,
長統襪,,
短統襪,,
寬緊帶,,
帽子,,
銅盆帽,,
小滴粒帽子,,
羅宋帽,,
草帽,,
箬帽,,
鴨舌頭,,
圍巾,,
手套,,
絹頭,,
圍饞,,
圍身,,
尿布,,
首飾,,
鐲頭,,
戒指,,
項圈,,
長命百歲,,
軋叉,,
房子,,
平房,,
樓房,,
洋房,,
草棚棚,,
房間,,
客堂,,
客堂間,,
坐起,,
夾廂,,
樓中間,,
牆門間,,
屋裏,,
天井,,
圍牆,,
照牆,,
樓丄,,
樓下,,
胡梯,,
陽臺,,
屋面,,
石庫門,,
料檐,,
桁條,,
椽子,,
䈍磚,,
擱柵,,
庭柱,,
石鼓墩,,
街沿,,
琴頭,,
天花板,,
前門,,
後門,,
矮䈳,,
門檻,,
門角落,,
門閂,,
板壁,,
天窗,,
天落撐,,
地落撐,,
門膛子,,
戧水䈳,,
晴落,,
窗盤,,
走廊,,
備弄,,
竈下間,,
竈下,,
竈頭,,
單眼竈,,
兩眼竈,,
三眼竈,,
湯罐,,
煙囪,,
駁岸,,
踏渡,,
踏渡琴,,
坑棚,,
屎坑,,
馬桶間,,
豬圈,,
狗窠,,
雞棚,,
家生,,
五斗櫥,,
夜壺箱,,
臺子,,
方臺子,,
圓臺,,
八仙桌,,
麻將臺,,
長臺,,
半桌,,
寫字檯,,
鏡臺,,
麪湯臺,,
箱櫥,,
先櫃,,
百靈臺,,
喫飯臺子,,
檯布,,
桌圍,,
抽屜,,
矮凳,,
交椅,,
靠背,,
竹交椅,,
竹榻,,
藤榻,,
長凳,,
骨牌凳,,
杌子,,
春凳,,
懶凳,,
蒲團,,
棕墊,,
地鋪,,
帳子,,
帳着鉤,,
帳檐,,
被頭,,
被頭鋪蓋,,
被風洞,,
苫被,,
被夾裏,,
被面,,
棉花胎,,
單被,,
褥單,,
褥子,,
草蓆,,
篾席,,
枕頭,,
枕頭套,,
三節架,,
三尖架子,,
馬桶,,
夜壺,,
馬桶豁洗,,
碗盞家生,,
飯碗,,
小菜碗,,
大湯碗,,
青邊碗,,
盆子,,
酒盅,,
筷兒,khua3 ng1,
筷箸籠,,
鑊子,,
刮鑊子,,
鋼宗鑊子,,
剷刀,,
箲帚,,
笊籬,,
飯筲箕,,
淘籮,,
罩籃,,
廣勺,,
銅勺,,
吊子,,
銅吊,,
酒甏,,
切菜刀,,
砧墩板,,
飯桶,,
窩窠,,
蒸籠,,
蒸架,,
水缸,,
泔腳,,
泔腳鉢頭,,
抹布,,
行竈,,
硬柴,,
煤爐,,
煤基,,
煤球,,
炭基,,
火夾,,
面桶,,
面盆,,
面盆架子,,
皮皁,,
香皮皁,,
揩面手巾,,
手巾,,
腳桶,,
腳布,,
浴桶,,
提桶,,
吊桶,,
井繩,,
熱水瓶,,
茶杯,,
茶壺,,
蓋頭,,
腳爐,,
湯婆子,,
手爐,,
木梳,,
編箕,,
洋手照,,
油盞頭,,
燈草,,
洋蠟燭,,
燈籠,,
油紙傘,,
油布傘,,
陽傘,,
蓑衣,,
雨衣,,
皮夾子,,
圖章,,
圖書,,
眼鏡,,
手錶,,
針箍,,
線板,,
延線,,
延線屁股,,
延線頭,,
針腳,,
剪刀,,
錐鑽,,
擦板,,
棒槌,,
雞毛撣帚,,
扇子,,
蒲扇,,
拄拐,,
司的克,,
草紙,,
自來火,,
掃帚,,
畚箕,,
垃圾,,
拖畚,,
輪盤,,
挖耳,,
身體,,
身胚,,
條幹,,
塊甲,,
骷丄頭,,
光郎頭,,
頭頂心,,
後腦勺子,,
頭髮,,
少白頭,,
特頭髮,,
額骨頭,,
衝額角,,
雨落弗溼眼,,
鬢腳,,
辮子,,
頭髮團,,
把根,,
前劉海,,
面孔,,
顴骨,,
酒靨,,
耳光,,
人中,,
眼睛,,
眼烏珠,,
眼白,,
眼黑,,
眼仙人,,
眼梢,,
眼凼,,
眼圈,,
眼淚,,
眼皮,,
單眼皮,,
雙眼皮,,
眼眵,,
眼睫毛,,
眉毛,,
鼻頭,,
鼻毛,,
鼻樑,,
鼻涕,,
鼻涕乾,,
鼻頭管,,
鼻頭洞,,
鼻尖,,
鼻頭尖,,
鷹爪鼻頭,,
塌鼻樑,,
耳朵,,
耳朵管,,
嘴脣,,
鬚鬚,,
租須,,
拉帶鬍子,,
小鬚鬚,,
小租須,,
舌頭,,
舌苔,,
大舌頭,,
饞唾,,
牙子,,
門牙,,
盤牙,,
牙齦肉,,
上霍,,
下巴,,
超下巴,,
濟團嘴,,
頭頸,,
爭食潭,,
喉嚨,,
花掀,,
濟手,,
右手,,
手心,,
手背,,
拳頭,,
節頭子,,
節頭,,
節甲子,,
節甲,,
手甲子,,
大密節頭,,
指人節頭,,
當中節頭,,
無名指,,
小密節頭,,
臂膊,,
臂膊撐子,,
臂膊彎,,
大髈,,
小髈,,
髈哈拉里,,
腳饅頭,,
髈彎彎,,
掀面,,
腳歌骨,,
赤腳,,
腳背,,
腳底心,,
腳尖,,
腳跟,,
腳節頭,,
腳節掐,,
腳丫,,
雞眼,,
肩架,,
退肩架,,
扛肩架,,
膈辣肢,,
心口頭,,
胸脯,,
肋棚骨,,
軟檔,,
奶奶,,
背心,,
背梁脊骨,,
肚皮,,
小肚皮,,
肚皮眼,,
肚臍眼,,
腰眼,,
撲肉,,
旋腡頭,,
畚箕,,
寒毛,,
寒毛孔,,
八鳥,,
卵頭子,,
卵卵頭,,
卵泡,,
卵子,,
走陽,,
起發,,
身丄來着,,
屁股,,
屁股爿,,
尾巴樁骨,,
屁眼,,
洞肛,,
屎孔,,
骨頭,,
青筋,,
血管,,
腰子,,
大腸,,
小腸,,
生病,,
小毛病,,
大毛病,,
打扯,,
喫力,,
病好點着,,
病好着,,
請郎中,,
看病,,
搭脈,,
方子,,
撮藥,,
藥材店,,
藥罐頭,,
煎藥,,
頭潽,,
二潽,,
膏藥,,
買藥,,
藥房,,
藥粉,,
塔藥,,
藥膏,,
發寒熱,,
傷風,,
頭昏,,
頭裏痛,,
咳嗽,,
心嘈,,
肚皮痛,,
尿搖頭,,
心近,,
肚皮射,,
疰夏,,
發痧,,
出痧子,,
伐瘧子,,
癆病,,
鼓脹病,,
癟羅痧,,
出水痘,,
出天花,,
種牛痘,,
傷寒症,,
黃疸病,,
盲腸炎,,
小腸氣,,
疰車,,
疰船,,
羊牽風,,
粗頭頸,,
栗子筋,,
老熟,,
摜傷,,
跌傷,,
碰傷,,
青胖塊,,
鬼的青胖塊,,
滾膿,,
蓋頭,,
疻水,,
癩痢頭,,
眯妻眼,,
鬥雞眼,,
抓爸眼,,
酒糟鼻頭,,
蛀牙子,,
興活,,
瘰瘰頭,,
熱癤頭,,
凍瘃,,
楊梅瘡,,
豬狗臭,,
乳鵝,,
生瘡,,
生疔,,
痔瘡,,
癩疥瘡,,
痱子,,
樹頭肉,,
雀子斑,,
酸胖氣,,
開爪,,
老人頭氣,,
瞎子,,
聾彭,,
啞子,,
駝背,,
齁背,,
蹺腳,,
直腳,,
抓手,,
癱子,,
閘角頭,,
笡肩架,,
長子,,
矮子,,
大塊頭,,
个子,,
刁嘴,,
癡子,,
禿頭,,
麻子,,
豁嘴,,
齆鼻頭,,
雌雞學嚨,,
六節頭,,
濟腳風,,
吊眼皮,,
眯棲眼,,
老光眼,,
紅眼睛,,
鬥雞眼,,
偷針眼,,
䶕牙子,,
嘴臭,,
金肉痱子起,,
腳牽筋,,
髈牽筋,,
親事,,
媒人,,
相親,,
配親,,
賣相,,
長相,,
年紀,,
訂婚,,
擔盤,,
辦酒水,,
喫酒水,,
討家小,,
出嫁,,
嫁囡兒,,
結婚,,
好日,,
花轎,,
拜堂,,
新官人,,
新娘娘,,
新房,,
回門,,
續絃,,
填房,,
有喜,,
拖身體,,
大肚皮,,
做舍姆,,
舍姆,,
小產,,
養小人,,
做動,,
發動,,
滿月,,
頭生,,
喫奶奶,,
奶奶頭,,
彎尿,,
生日,,
過生日,,
做壽,,
過世,,
翹辮子,,
抬老三,,
老掉,,
塔冷,,
送終,,
喪事,,
棺材,,
壽材,,
孝堂,,
靈堂,,
孝子,,
哭喪棒,,
紙紮,,
牌位,,
座枱,,
羹飯,,
戴孝,,
利市布,,
白挺帶,,
大殮,,
落葬,,
墳墩頭,,
做七,,
頭七,,
五七,,
斷七,,
錫箔,,
錫箔灰,,
元寶,,
家堂,,
喜神,,
上墳,,
尋死路,,
上吊,,
死屍,,
骨殖甏,,
天老爺,,
菩薩,,
土地廟,,
關帝廟,,
城隍廟,,
閻六王,,
祠堂,,
香案,,
上供,,
蠟籤,,
蠟燭,,
香爐,,
燒香,,
求籤,,
籤訣,,
厾罩,,
罩板,,
陰罩,,
陽罩,,
竈家老爺,,
送竈,,
做道場,,
唸經,,
拆字,,
看風水,,
算命,,
算命先生,,
師孃,,
關亡,,
許願,,
還願,,
男人,,
女人,,
毛毛頭,,
小毛頭,,
小人,,
小囡,,
小囡兒,,
男小人,,
男小囡,,
小娘兒,,
小娘魚,,
女小娘,,
女小囡,,
老老頭,,
老頭子,,
老腳魚,,
老死人,,
老太,,
老太婆,,
老伯伯,,
姆娒,,
小夥子,,
城裏人,,
鄉下人,,
鄉下曲死,,
鄉下曲辮子,,
小腳娘娘,,
女人媽媽,,
一家門,,
自家人,,
外頭人,,
本地人,,
外路人,,
客邊人,,
外國人,,
客人,,
同年,,
同居住个,,
同居个,,
小朋友,,
小姊妹,,
孤孀,,
養新婦,,
招女婿,,
拖油瓶,,
姘頭,,
伴房小姐,,
薄相人,,
告化子,,
柺子,,
賊骨頭,,
小賊,,
三隻手,,
扒兒手,,
強盜,,
江北人,,
殺胚,,
蠟燭,,
老鬼,,
愀貨,,
洋盤,,
戇大,,
獨頭,,
綢頭,,
豬頭三,,
寶貨,,
老大,,
老兄,,
老二官,,
戶頭,,
敗家精,,
蚌殼精,,
下作胚,,
小氣胚,,
書獨頭,,
定頭貨,,
輕骨頭,,
賤骨頭,,
木人頭,,
老實頭,,
彎舌頭,,
三腳貓,,
半吊子,,
王伯伯,,
黃牛肩架,,
大亨,,
亨頭,,
大好佬,,
大物事,,
阿曲死,,
忘事徒,,
青肚皮狧猻,,
十三點,,
溫吞水,,
死人額骨頭,,
煨竈貓,,
倒頭光,,
老百曉,,
賊鐵嘴,,
餓殺鬼,,
討債鬼,,
尖屁股,,
拔腳花狸貓,,
殺千刀,,
刮進模子,,
嘴講老大,,
射屁小夥子,,
窮爺,,
蘇空頭,,
杭鐵頭,,
老闆,,
老闆娘,,
東家,,
夥計,,
學生意,,
小販,,
做小生意个,,
攤販,,
擺攤頭个,,
老師,,
先生,,
學生子,,
木匠,,
泥水匠,,
鐵匠,,
銅匠,,
補鑊子个,,
洋鉛匠,,
裁縫,,
剃頭師父,,
腳伕,,
轎板,,
薦頭,,
堂倌,,
船老大,,
船丄人,,
燒飯師父,,
飯師父,,
喫開口飯个,,
奶媽,,
傭人,,
阿媽,,
孃姨,,
小大姐,,
走做,,
倒老爺,,
郎中,,
走方郎中,,
白花郎中,,
老孃,,
和尚,,
師姑,,
道士,,
香火,,
親眷,,
至親,,
長輩,,
太太,,
阿爹,,
好婆,,
阿婆,,
外公阿爹,,
阿爹,,
外婆,,
好婆,,
爹爹,,
爸爸,,
姆媽,,
姆娒,,
丈人,,
丈姆,,
丈姆娘,,
阿公,,
阿婆,,
婆太太,,
爺孃家,,
老伯伯,,
麻麻,,
伯伯,,
娘娘,,
娒娒,,
叔叔,,
阿叔,,
嬸嬸,,
嬸娒,,
阿嬸,,
孃舅,,
舅舅,,
舅姆,,
姑夫,,
夫夫,,
阿姨,,
孃姨娒娒,,
姨夫,,
晚爺,,
晚娘,,
寄名,,
寄爺,,
寄娘,,
寄兒子,,
寄囡兒,,
平輩,,
夫妻,,
男人,,
家小,,
家主婆,,
屋裏向,,
屋裏,,
大老母,,
小老母,,
哥哥,,
阿哥,,
老兄,,
阿姐,,
姐姐,,
弟弟,,
兄弟,,
老弟,,
妹妹,,
妹子,,
弟兄,,
弟兄道裏,,
姊妹,,
姊妹道裏,,
嫂嫂,,
阿嫂,,
弟新婦,,
姐夫,,
妹夫,,
雙生子,,
擺姆道裏,,
伯伯,,
阿叔,,
小阿叔,,
姑娘,,
阿舅,,
阿姨,,
堂房弟兄,,
堂房阿哥,,
堂房兄弟,,
堂房姊妹,,
堂房阿姐,,
堂房妹子,,
表弟兄,,
表兄,,
表弟,,
表姊妹,,
表阿姐,,
表妹,,
連襟,,
親家,,
親家母,,
小輩,,
兒子囡兒,,
兒子,,
大兒子,,
小兒子,,
老拖兒子,,
領个兒子,,
新婦,,
囡兒,,
囡兒小姐,,
女婿,,
毛腳女婿,,
阿侄,,
侄囡兒,,
外甥,,
外甥囡兒,,
孫子,,
孫新婦,,
孫囡兒,,
孫女婿,,
重孫,,
弟弟,,
妹妹,,
阿囡,,
囡囡,,
學堂,,
讀書着,,
到學堂,,
放學着,,
放飯學,,
放夜學,,
賴學,,
幼兒園,,
幼稚園,,
託兒所,,
放假,,
暑假,,
寒假,,
請假,,
敲手心,,
立壁角,,
關飯學,,
關夜學,,
課堂,,
上課,,
下課,,
講臺,,
黑板,,
粉筆,,
黑板揩,,
戒尺,,
簿子,,
日記簿,,
簿面,,
鉛筆,,
橡皮,,
圓規,,
三角尺,,
襯板,,
作文簿,,
大字簿,,
描紅簿,,
鋼筆,,
自來水筆,,
毛筆,,
筆套,,
筆筒,,
硯嶽,,
磨墨,,
墨水,,
墨汁,,
書包,,
鹽書包,,
叫扁,,
叫叫,,
讀書,,
溫書,,
背書,,
考試,,
考卷,,
批卷子,,
滿分,,
零湯糰,,
第一名,,
壓末名,,
着末名,,
大楷,,
小楷,,
劃脫,,
寫白字,,
一點,,
一劃,,
一豎,,
一撇,,
一捺,,
一勾,,
邊旁,,
單豎人,,
雙豎人,,
寶蓋頭,,
豎心邊旁,,
反犬幫,,
耳朵邊旁,,
反文,,
斜王幫,,
踢土邊旁,,
竹裏頭,,
草字頭,,
火字邊旁,,
三點水,,
走之,,
絞絲邊旁,,
挑手邊旁,,
走肖趙,,
刀口邵,,
曲日曹,,
草頭黃,,
三劃王,,
白相家物事,,
小人書,,
小書,,
洋畫,,
畫畫張,,
勃弗倒,,
伴孟孟,,
老鷹捉小雞,,
猜謎謎子,,
採東採,,
拼靈碰冷取,,
放炮仗,,
放爆仗,,
放鷂子,,
假兒摩摩,,
踢究踢,,
捉貼子,,
造房子,,
跳牛皮筋,,
挑繃繃,,
打彈子,,
削水片,,
車鐵箍,,
扯鈴,,
賤骨頭,,
摜鈴角,,
掉龍燈,,
蕩河船,,
扭秧歌,,
象棋,,
着棋,,
叉士,,
落士,,
飛象,,
落象,,
豁拳,,
擲骰子,,
牌九,,
叉麻雀,,
淴河浴,,
淴冷浴,,
梗蒙子,,
拍檯球,,
党籃球,,
千跟朵,,
豁虎跳,,
京戲,,
紹興戲,,
灘簧,,
戲子,,
說書,,
評彈,,
大書,,
評話,,
小書,,
彈詞,,
說書先生,,
出會,,
事體,,
交易經,,
做生活,,
重頭生活,,
做事體,,
爬起來,,
起來,,
起早起,,
睏晏朝,,
揩面,,
撫面,,
麪湯水,,
揩面水,,
嘓嘴,,
梳頭,,
剪節掐子,,
剃頭,,
修面,,
刮鬍子,,
扒耳朵,,
淴浴,,
揩身,,
擦背,,
射尿,,
拆尿,,
解手,,
小便,,
登坑,,
拆屎,,
乘風涼,,
孵太陽,,
打中覺,,
打瞌衝,,
打花掀,,
伸懶腰,,
睏來,,
開燈,,
關燈,,
睏覺,,
鋪牀,,
睏下來,,
睏一寣,,
睏着着,,
打昏,,
睏弗着,,
欠睏,,
落寣,,
睏出寣,,
仰剛睏,,
側轉睏,,
合爬睏,,
睏別个頭頸,,
做夢,,
說睏話,,
磨夜作,,
出門,,
轉來,,
蕩馬路,,
應酬,,
來去,,
留步吧,,
弗送着,,
安置,,
碰杯,,
轄拳,,
會鈔,,
要好,,
上路,,
弗上路,,
軋姘頭,,
尋相罵,,
打相打,,
罵山門,,
和調,,
穿繃,,
弗局,,
講得頭來,,
道伴,,
熟事人,,
薄相,,
接生,,
娘媽東菜,,
娘東菜,,
牢監,,
司前街,,
搖頭,,
橫処頭,,
搖轉,,
搖上,,
沉倒,,
沉殺,,
出松,,
得頭,,
點頭,,
放手,,
打扇,,
南無,,
跳腳,,
霎眼睛,,
睜開眼睛,,
彈彈眼睛,,
看野眼,,
出眼淚,,
哭出來,,
拖鼻涕,,
縮鼻涕,,
揩鼻涕,,
擤鼻涕,,
歪歪嘴,,
香面孔,,
坑鼻頭,,
赤膊,,
赤郭落,,
打起仔窮結,,
反綁仔手,,
鑲籠管,,
嶽起頭,,
退縮走,,
閘一埭,,
認得,,
弗認得,,
曉得,,
弗曉得,,
歡喜,,
愛惜,,
相信,,
休思,,
定心懊憦,,
巴望,,
疑心,,
動氣,,
牽記,,
當心,,
小心,,
鈍卵,,
發極,,
傷使性,,
光火,,
嫌鄙,,
掉弗落討厭,,
討厭,,
眼熱,,
眼紅,,
弗殼張講閒話,,
講張弗響埋怨,,
睬心,,
在心,,
傲殺,,
巴巴之望,,
頭大回頭,,
回頭,,
扯囂,,
回嘴,,
口衝,,
講薄相,,
喫排頭,,
嚼舌頭,,
唊嘴舌,,
強掰嘴,,
吹牛山,,
吹牛屄,,
咬耳朵,,
響弗落,,
喫弗消,,
討口彩,,
說死話,,
觸心筋旺東道,,
打个倫,,
攛掇,,
刮居一聲激剛,,
打切口,,
迸坼,,
尺開,,
敷出,,
拋出,,
揩油,,
尋開心漏薄相,,
打棚,,
解厭氣混俏柴柴,,
繃繃,,
弄弄,,
打上,,
劃拆,,
推頭,,
欠脫,,
落鋤,,
演磨,,
着槓,,
打登作死,,
變死,,
變潮,,
料煞,,
看穿,,
豁邊,,
扯扯,,
划着,,
觸祭,,
禿着,,
打个,,
帶草,,
等穿,,
党底,,
抵配,,
抵剛,,
難爲,,
搞落,,
出道,,
顧憐,,
關照,,
輯理,,
拉倒,,
拉娘倒,,
攬手,,
佢命,,
領盆,,
膩注,,
弄鬆,,
走樣,,
劈對,,
碰僵,,
欺瞞,,
坍臺,,
收作,,
合道,,
發甲,,
糟蹋,,
歪腳,,
弗礙弗是無不垃許,,
弗垃許,,
大紅,,
粉紅,,
火紅,,
天藍,,
火黃,,
藏青,,
草綠,,
玫瑰紅,,
赭石,,
慄殼色,,
玄色,,
花白扎制,,
蹩腳,,
推板,,
雅雅乎,,
搭漿,,
清爽,,
乾淨,,
齷齪,,
夜夜乎,,
差弗多,,
差仿弗多,,
鮮鮮,,
酌貨,,
穩足,,
催巉,,
香串,,
軟串,,
軟熟,,
縮党衣水,,
衣徐,,
隱寫彎腳,,
寬舒,,
直落挺括,,
笨頭,,
鄉氣,,
便當,,
便熱,,
回潮,,
原個頭,,
調他,,
耀光,,
丁倒,,
舒齊,,
窩逸,,
脗縫,,
鮮希,,
相巧,,
薦身,,
去貨,,
滑腸,,
狼犺,,
膩脂,,
禿龍,,
殼龍,,
實着,,
風堅,,
見數,,
有限,,
日長,,
筆挺,,
必靜,,
冰蔭,,
拍滿,,
碌亂,,
碌亂三千,,
突圞圞,,
血血叫,,
拍拍潽,,
必必靜,,
獨獨煎,,
熱烔烔,,
惹氣,,
阿末,,
着末,,
要好,,
巴結,,
把細,,
百抓,,
稱心,,
喫香,,
喫硬扎頓,,
有清頭,,
無清頭,,
出趟,,
理丄,,
閘底,,
木覺,,
木而覺之,,
窮健,,
粗光趟,,
大方,,
大氣,,
小氣,,
樂惠,,
小樂惠,,
各別,,
到巴,,
到家,,
道地,,
登樣,,
獨福,,
党定,,
党坦,,
惡掐,,
促掐,,
挖掐,,
尷尬,,
苦惱,,
苦惱子,,
苦匣惱子海會,,
好看,,
氣悶,,
際遭後生,,
糊塗,,
活靈,,
活絡,,
霍肉喫假,,
結棍,,
邋遢,,
來弗其,,
來三,,
來事,,
攬事,,
懶聊,,
無料,,
懶怕,,
搭殺,,
狼形老茄,,
老三老四,,
老卵,,
老顏,,
弗錯,,
捩切,,
羅皁,,
落開,,
發噱,,
發鬆,,
落拓,,
孟門,,
橫對米得勢,,
難過,,
難航,,
鬧猛,,
鬧熱,,
怕難爲情,,
排曹,,
漂亮,,
標緻,,
難看,,
七欠,,
七弗老欠,,
七弗老三欠,,
活七欠,,
少少叫,,
少神出見,,
勤儉,,
清健熱昏,,
熱絡,,
殺薄,,
殺癮,,
殺渴,,
適意,,
寫意,,
爽快,,
爽氣,,
窩心,,
烏蘇,,
下作,,
惡劣,,
厭氣要緊,,
要緊弗殺,,
野好,,
彈硬,,
硬橫,,
做作,,
賊腔,,
王六,,
軋實,,
酌趣,,
酌斂,,
無趣,,
弗趣,,
近情,,
着乖,,
托熟,,
角靈靈,,
白撩撩,,
直獨獨,,
野豁豁,,
厭道道,,
鬼搭搭,,
物事,,
勞曹,,
老鬼三,,
好貨,,
老爺貨,,
厾脫貨,,
落腳貨,,
觸當貨,,
假老戲,,
小零之碎,,
空屁,,
魂靈,,
魂靈頭,,
窩蕩,,
肉段,,
介形,,
外快,,
毛栗子,,
觸腔,,
党臉,,
嘴講,,
噱頭,,
堆卓,,
下巴戲,,
尖年頭,,
地地腳管,,
地頭腳管,,
氣力,,
氣把,,
當口,,
料摸,,
眼功,,
花頭,,
花露水,,
因頭,,
招勢,,
潮流,,
脈門,,
欄關,,
湯塔,,
累墜,,
靠傍,,
小嚇裏底,,
八成賬,,
一卓堆,,
雨豁搭,,
前夾心,,
彭光氣,,
肚膨氣脹,,
生腥氣,,
泥土氣,,
酒撲氣,,
落湯雞,,
暗關子,,
沐泰山,,
身背丄,,
回往心,,
江湖訣,,
臀塌衝一個,,
兩個,,
十個,,
第一,,
第二,,
第十,,
第一個,,
第二個,,
第十個,,
一號,,
兩號,,
十號,,
初一,,
初二,,
初十,,
二十,,
老大,,
老二,,
老拖,,
大哥,,
二哥,,
十一,,
十二,,
十五二十,,
廿一,,
廿二,,
廿五,,
三十,,
三十一,,
三十五,,
一百,,
一千,,
一百零兩,,
一百十,,
一百十個,,
一百十一,,
一百廿,,
一百三,,
兩百,,
兩百五,,
二百五,,
兩百五十個,,
一千一,,
一千一百個,,
兩千,,
一萬,,
一萬兩,,
兩萬,,
兩萬五兩家頭,,
三家頭,,
兩斤,,
二兩,,
二錢,,
兩錢,,
兩尺,,
兩寸,,
兩裏,,
兩擔,,
兩鬥,,
兩畝,,
幾個,,
多個,,
半個,,
一個半,,
大一半,,
小一半,,
個把,,
一兩個,,
頭兩個,,
三四個,,
三五個,,
七八個,,
靠十個,,
十三四個,,
十三五個,,
十七八個,,
十多個,,
十幾個,,
百把個,,
一百多個,,
千把個,,
萬把塊,,
一兩里路,,
一塊半,,
兩角半,,
一滴滴,,
一沰沰,,
一密密,,
一屑屑,,
一眼眼,,
箱子抽屜爐子,,
袋袋,,
罐頭吊子,,
鑊子,,
盆子,,
尔党,,
佢党,,
大家,,
自家,,
別人家,,
別人,,
人家,,
這個,,
該個,,
彎個,,
歸個,,
箇個,,
何個,,
何裏個,,
這処,,
該処,,
這処攤,,
這処點,,
彎処,,
歸処,,
箇処,,
何処,,
何処點,,
啥場化,,
何裏処,,
這場,,
該場,,
彎場,,
歸場,,
箇場,,
寔介,zhih ka3,
寔介兒,zhih kang3,
箇佬,,
如何,na1 ha1,
幾許,ki2 ho2,
幾時,,
啥辰光,,
幾點鐘啥人,,
啥個,,
啥等樣,,
作啥,,
啥體,,
啥佬,,
伲个,,
伲爺,,
尔个,,
尔党爺,,
這點,,
該點,,
箇點,,
彎點,,
歸點,,
箇點,,
這種,,
這注,,
這種介個,,
伲兩家頭,,
尔党兩家頭,,
佢党兩家頭,,
夫妻兩家頭,,
夫妻道裏,,
娘兩個,,
爺兩個,,
拜姆道裏,,
姑嫂道裏,,
婆新婦道裏,,
弟兄兩家頭,,
兄弟道裏,,
姊妹兩家頭,,
姊妹道裏,,
男人家子,,
女人家子,,
交關,,
甚忙,,
過份,,
本生,,
本着,,
常張,,
觸爬,,
出爬,,
大面板要,,
定堅,,
定規,,
硬做,,
阿殼張,,
弗殼張,,
阿作興,,
弗作興,,
剛剛,,
剛正,,
姜,,
加二,,
共總,,
一塌刮子,,
擱落三姆,,
亨八冷打,,
亨八冷,,
一起手,,
大約模賬,,
毛毛叫,,
豪㥰,,
橫豎,,
橫道,,
橫豎道,,
即莫,,
家險乎,,
險家乎,,
虧得,,
虧殺,,
老講,,
馬上,,
難板,,
千定,,
剩光,,
偏生偏偏,,
死殺,,
齊巧,,
傷性,,
尚怕,,
張怕,,
尚期,,
生天,,
直頭,,
着着,,
順帶便,,
仰剛,,
一埭路,,
一干子,,
一家頭,,
一腳走,,
一徑,,
一靠背,,
一來興,,
一道,,
又心,,
有心,,
原歸,,
緣善,,
難通道,,
再難,,
儘讓,,
真主,,
心心,,
獨剩,,
直腳,,
弗然,,
嚇挺,,
先弗先,,
阿超至於,,
弗超至於,,
阿有介事,,
夾夾繞,,
呆板數,,
道來弗來,,
呆呆調,,
軋軋實實大頭航注,,
自然絡然,,
蛆鑽劃辣,,
攤攤,,
單單,,
準定,,
準其,,
物事,,
作興,,
作時,,
作興道,,
故所以,,
不過,,
但不過,,
非但,,
弗但,,
嘦得,,
在外,,
直処个,,
垃垃許,,
垃丄,,
插貼塔,,
百滴答,,
北的党,,
此通此通,,
丄向裏向処點,,
搭攤,,
生活,,
道裏,,
家子,,
跟手,,
範就,,
滴嗒,,
吉夾,,
尺貢,,
趁趁,,
趁趁得來,,
箇末,,
惱末,,
難末,,
叫我,,
叫啥,,
倒說,,
阿有啥,,
賽過,,
个說話,,
要死哉,,
亦罷哉,,
謝謝,,
覅客氣,,
對弗住,,
弗要緊,,
晏歇會,,
明朝會,,
再會,,
好个,,
弗來事,,
戳尔党娘,,
戳尔娘,,
看冷鋪,,
熟冷拳,,
弄鬆人,,
出噱頭,,
扳錯頭,,
搭架子,,
扎臺形,,
掉槍花,,
打回票,,
喫夾當,,
摜紗帽,,
隑牌頭,,
拍馬屁,,
闖鄉鄰,,
搭訕頭,,
拆爛污,,
喫講茶,,
倒胃口,,
做人家,,
掘壁洞,,
開條夫,,
捉死蟹,,
摸屁股,,
豁零子,,
照牌頭,,
看人頭,,
掮木梢,,
掮溼木梢,,
喫豆腐,,
塔便宜,,
度死日,,
喫鈍頭,,
喫獨食,,
橫戳槍,,
攤世界,,
照份理,,
尋休思,,
睏扁頭,,
捏鼻頭做夢,,
捉冷刺,,
發極蹦,,
賣關子,,
無道成,,
杭情杭事,,
討手腳,,
搶羹飯,,
軋苗頭,,
打圓場,,
觸壁腳,,
關心筋,,
有介事,,
踏肩頭,,
聽壁腳,,
喫排頭,,
喫生活,,
扳退眼,,
抄近路,,
偷死怪,,
熬好戲,,
有卵用,,
無心想,,
挑挑佢,,
弗失頭,,
觸黴頭,,
弗連牽,,
弗像着,,
弗犯着,,
弗領盆,,
弗入調,,
弗習上,,
弗直落,,
弗卵佢,,
瞎卵鬥,,
瞎尺拍,,
瞎妻穿,,
好說話,,
搭死摜,,
窮迸繃,,
無媽用,,
懊門痛,,
朝南坐,,
惡死做,,
窠裏反,,
半爿俏,,
交叉過,,
對壁撞,,
下原虛,,
逆面衝,,
帶坑臭,,
人來瘋,,
路角側,,
雞頭渾,,
阿胡卵,,
鴨屎臭,,
張曉得,,
肚腸癢,,
老繭起,,
懶屁股,,
喇叭腔,,
假掩頭,,
假花頭,,
真生活,,
真傢伙,,
大近共,,
近共,,
大生活,,
和羅處,,
矮模樣,,
模樣,,
模樣丄,,
尷尬戲,,
咬得入,,
弄弗落,,
拎弗清,,
屁糟筋,,
意弗過,,
氣過骱,,
催急急,,
趕動身,,
熟着法,,
爛污糟,,
腳碰腳,,
直拔直,,
和搭和,,
纏垃拌,,
把小心,,
馬件件,,
一絞圈,,
一來興,,
六席惹,,
大道點,,
癡頭怪腦,,
犟頭掘腦,,
賊皮塌臉,,
彈眼落睛,,
勾肩搭背,,
韌皮吊筋,,
抓手抓腳,,
前腳後腳,,
出生出世,,
面長面短,,
真問真講,,
直言談相,,
關門落閂,,
敲釘鑽腳,,
牽絲扳藤,,
添油加醬,,
濃油擦醬,,
脫頭落襻,,
奇出怪樣,,
各旗各式,,
閒文野賬,,
纏彎裏曲,,
死貓活實,,
爬高絡上,,
橫闊豎大,,
絹光滴滑,,
垃殺吊死,,
老喫老做,,
多說多話,,
說來話去,,
筋牽拉牽,,
當着弗着,,
神之乎之,,
騰倉搭倉,,
甜个鹹个,,
一天世界,,
一和細絲,,
一歸一至,,
指點戳三,,
跌搭四衝,,
奇出八怪,,
派頭一六,,
搞七廿三,,
一腳六手,,
弗二弗三,,
弗三弗四,,
三番四復,,
五爪金龍,,
六缸水混,,
三角六球,,
七翹八裂,,
七歪八訓,,
七端八正,,
傍七傍八,,
千多萬謝,,
橫冷橫冷,,
白添白添,,
挨年挨年,,
徐坐徐坐,,
扶壽扶壽,,
汗毛凜凜,,
眼窠盈盈,,
賊脫希希,,
賊骨牽牽,,
活扎利利,,
方楞出角,,
熱吹頗燙,,
淡子刮搭,,
厚脂納得,,
厚脂黑納得,,
破注落索,,
筆立司直,,
擦光全新,,
刮辣鬆脆,,
夾燎絲白,,
百个來皺,,
弄統過印,,
的角四方,,
心心掛念,,
完完大吉,,
疑惑疑之,,
直絲直落,,
的的刮刮,,
壞壞抓抓,,
割割裂裂,,
拗拗應應,,
陌陌生生,,
陌陌戶頭,,
細細到到,,
細模細想,,
殺殺薄薄,,
斷氣喇叭,,
老結主意,,
党定泰山,,
珠花野米,,
夾和鋼金,,
灰毛落拓,,
灰塵白塳,,
踏殺螞蟻,,
啥個一出,,
狗屄倒竈,,
說弗嘴響,,
睏思夢東,,
冤枉年障,,
瞎說貼出,,
雜个亂拌,,
城隍鬼叫,,
啥個力升,,
骯髒忘味,,
狼藉脫,,
賊弗空手,,
真嶄實貨,,
舞頭劈拍,,
劈虛當中,,
別立火尖,,
冤家七世,,
紐結古結,,
結个羅多,,
煙弗多點,,
老夫塔之,,
媽而哈之,,
佢呼拉呼,,
搖丁活絡,,
等人心焦,,
根老固實,,
地陌生疏,,
哭出烏拉,,
直腰懶摜,,
扎搭一把,,
私皮夾賬,,
大起忙頭,,
曷得弗轉,,
少成出見,,
小家排氣,,
稀溼落托,,
扣料划水,,
嚇脫個喜,,
約只馬道,,
冰蔭結骨,,
牽相引頭,,
搲拉弗出,,
吊兒郎當,,
成更半夜,,
呆頭木屑,,
昏頭瞌衝,,
昏頭昏腦,,
昏頭七衝,,
眼窠落潭,,
幹筋火旺,,
百門四散,,
槽頭血癢,,
老鬼失闢,,
大眼眯妻,,
薦薦上路,,
無手抓羅,,
生病六痛,,
陰陽怪氣,,
刁鑽促掐,,
一排連牽,,
四四着落,,
紅白團穿,,
靈魂出竅,,
臨時完結,,
替換落班,,
出腳蠻便,,
赤卵弟兄,,
死蟹一隻,,
一似同形,,
一似一脫式,,
拿當得出,,
另有一功,,
喫牢告仔,,
盯牢告仔,,
盯牢黃包車,,
毛裏有病,,
來得正好,,
伸只後腳,,
遮世人眼,,
蕩得溜溜,,
爽了個宕,,
喫佢弗殺,,
有道理个,,
搭弗落色,,
讓佢去希,,
一個批頭,,
一個忘形厭,,
一個突頭眼,,
一個勃來花,,
一對帶拉蘇,,
一事兩勾當,,
一拍一抿縫,,
腳踏兩頭船,,
學嚨三板響,,
七更八式調,,
板板六十四,,
翹嘴党舌頭,,
本作裏貨色,,
自病自得知,,
搲屎厾爛泥,,
雞毛當令箭,,
無不好先戲,,
無不落場勢,,
橫裏豎処角,,
無腳蟹坨坨,,
回得出報門,,
瞎纏三官經,,
大不可小算,,
卓準仔火光,,
五斤狠六斤,,
反裝門印子,,
弗是生意經,,
眼睛地白色,,
瞎子稱道笑,,
出窠小弟兄,,
老皮膿貢瘡,,
碰鼻頭轉彎,,
老實弗客氣,,
謝謝一家門,,
老虎弗動身,,
米得勢垃許,,
有党花事體,,
說弗得个穿,,
十得咕廿四咕,,
門開得直蕩蕩,,
換仔第二三個,,
轟生恁立起來,,
頂仔石臼做戲,,
寶寶子,,
肉肉子,,
長一買垃大一買,,
長一買大一買,,
隔夜飯匣嘔出來,,
夾腳屁股跟出來,,
一丈水退仔八尺,,
講忙頭裏炒螺螄,,
講忙頭裏髈牽筋,,
三隻節頭扼田螺,,
敲脫仔牙子望肚裏咽,,
帶泥老蔔喫一段汏一段,,
幺二三,,
子丑寅,,
城隍老,,
#地名,
上海,,
黃浦,,
南京東路,,
外灘,,
半淞園路,,
小東門,,
豫園,,
老西門,,
五里橋,,
打浦橋,,
淮海中路,,
瑞金二路,,
徐匯,,
天平路,,
湖南路,,
斜土路,,
楓林路,,
長橋,,
田林,,
虹梅路,,
康健新村,,
徐家彙,,
凌雲路,,
龍華,,
漕河涇,,
華涇,,
長寧,,
華陽路,,
江蘇路,,
新華路,,
周家橋,,
天山路,,
仙霞新村,,
虹橋,,
程家橋,,
北新涇,,
新涇,,
靜安,,
江寧路,,
石門二路,,
南京西路,,
靜安寺,,
曹家渡,,
天目西路,,
北站,,
寶山路,,
共和新路,,
大寧路,,
彭浦新村,,
臨汾路,,
芷江西路,,
彭浦,,
普陀,,
曹楊新村,,
長風新村,,
長壽路,,
甘泉路,,
石泉路,,
宜川路,,
真如鎮,,
萬里,,
長征,,
桃浦,,
虹口,,
歐陽路,,
曲陽路,,
廣中路,,
嘉興路,,
涼城新村,,
四川北路,,
北外灘,,
江灣鎮,,
楊浦,,
定海路,,
平涼路,,
江浦路,,
四平路,,
控江路,,
長白新村,,
延吉新村,,
殷行,,
大橋,,
五角場,,
新江灣城,,
長海路,,
閔行,,
江川路,,
古美,,
新虹,,
浦錦,,
莘莊,,
七寶,,
顓橋,,
華漕,,
虹橋,,
梅隴,,
吳涇,,
馬橋,,
浦江,,
莘莊工業區,,
寶山,,
友誼路,,
吳淞,,
張廟,,
羅店,,
大場,,
楊行,,
月浦,,
羅涇,,
顧村,,
高境,,
廟行,,
淞南,,
嘉定,,
新成路,,
真新,,
菊園,,
嘉定鎮,,
南翔,,
安亭,,
馬陸,,
徐行,,
華亭,,
外岡,,
江橋,,
浦東新區,,
濰坊新村,,
陸家嘴,,
周家渡,,
塘橋,,
上鋼新村,,
南碼頭路,,
滬東新村,,
金楊新村,,
洋涇,,
浦興路,,
東明路,,
花木,,
川沙新,,
高橋,,
北蔡,,
合慶,,
唐鎮,,
曹路,,
金橋,,
高行,,
高東,,
張江,,
三林,,
惠南,,
周浦,,
新場,,
大團,,
康橋,,
航頭,,
祝橋,,
泥城,,
宣橋,,
書院,,
萬祥,,
老港,,
南匯新城,,
金山,,
石化,,
朱涇,,
楓涇,,
張堰,,
亭林,,
呂巷,,
廊下,,
金山衛,,
漕涇,,
山陽,,
淞江,,
岳陽,,
永豐,,
方松,,
中山,,
廣富林,,
九里亭,,
泗涇,,
佘山,,
車墩,,
新橋,,
洞涇,,
九亭,,
泖港,,
石湖蕩,,
新浜,,
葉榭,,
小崑山,,
淞江工業區,,
青浦,,
夏陽,,
盈浦,,
香花橋,,
朱家角,,
練塘,,
金澤,,
趙巷,,
徐涇,,
華新,,
重固,,
白鶴,,
奉賢,,
南橋,,
奉城,,
莊行,,
金匯,,
四團,,
青村,,
柘林,,
海灣,,
崇明,,
城橋,,
堡鎮,,
新河,,
廟鎮,,
豎新,,
向化,,
三星,,
港沿,,
中興,,
陳家,,
綠華,,
港西,,
建設,,
新海,,
東平,,
長興,,
新村,,
橫沙,,
東平林場,,
江蘇,,
無錫,,
錫山,,
東亭,,
安鎮,,
東北塘,,
雲林,,
厚橋,,
羊尖,,
鵝湖,,
錫北,,
東港,,
惠山,,
堰橋,,
長安,,
錢橋,,
前洲,,
玉祁,,
洛社,,
陽山,,
濱湖,,
河埒,,
榮巷,,
蠡湖,,
蠡園,,
華莊,,
太湖,,
雪浪,,
馬山,,
胡埭,,
梁溪,,
崇安寺,,
通江,,
廣瑞路,,
上馬墩,,
江海,,
廣益,,
迎龍橋,,
南禪寺,,
清名橋,,
金星,,
金匱,,
揚名,,
北大街,,
惠山,,
山北,,
黃巷,,
五河,,
新吳,,
新安,,
旺莊,,
碩放,,
江溪,,
梅村,,
鴻山,,
江陰,,
澄江,,
南閘,,
雲亭,,
城東,,
夏港,,
申港,,
利港,,
璜土,,
月城,,
青陽,,
徐霞客,,
華士,,
周莊,,
新橋,,
長涇,,
顧山,,
祝塘,,
宜興,,
新莊,,
宜城,,
屺亭,,
新街,,
芳橋,,
張渚,,
西渚,,
太華,,
徐舍,,
官林,,
楊巷,,
新建,,
和橋,,
高塍,,
萬石,,
周鐵,,
丁蜀,,
湖鎮,,
常州,,
天寧,,
天寧街道,,
蘭陵,,
茶山,,
雕莊,,
紅梅,,
青龍,,
鄭陸,,
鐘樓,,
五星,,
永紅,,
北港,,
西林,,
南大街,,
荷花池,,
新閘,,
鄒區,,
新北,,
三井,,
龍虎塘,,
新橋,,
春江,,
孟河,,
薛家,,
羅溪,,
西夏墅,,
奔牛,,
武進,,
南夏墅,,
西湖,,
丁堰,,
戚墅堰,,
潞城,,
湖塘,,
牛塘,,
洛陽,,
遙觀,,
橫林,,
橫山橋,,
雪堰,,
前黃,,
禮嘉,,
嘉澤,,
湟里,,
金壇,,
西城,,
堯塘,,
金城,,
儒林,,
直溪,,
朱林,,
薛埠,,
指前,,
溧陽,,
崑崙,,
溧城,,
古縣,,
埭頭,,
上黃,,
戴埠,,
天目湖,,
別橋,,
上興,,
竹簀,,
南渡,,
社渚,,
蘇州,,
虎丘,,
獅山,,
橫塘,,
楓橋,,
東渚,,
鎮湖,,
滸墅關,,
通安,,
高新區滸墅關開發分區,,
吳中,,
長橋,,
郭巷,,
橫涇,,
越溪,,
城南,,
香山,,
婁葑,,
斜塘,,
唯亭,,
勝浦,,
甪直,,
光福,,
木瀆,,
胥口,,
臨湖,,
東山,,
金庭,,
蘇州工業園區直屬,,
相城,,
元和,,
黃橋,,
北橋,,
太平,,
望亭,,
黃埭,,
渭塘,,
陽澄湖,,
開發區,,
姑蘇,,
滄浪,,
吳門橋,,
雙塔,,
平江,,
蘇錦,,
金閶,,
白洋灣,,
虎丘,,
吳江,,
濱湖,,
松陵,,
橫扇,,
同里,,
平望,,
盛澤,,
七都,,
震澤,,
桃源,,
黎里,,
吳江經濟技術開發區,,
常熟,,
碧溪,,
東南,,
虞山,,
常福,,
梅李,,
海虞,,
古里,,
沙家浜,,
支塘,,
董浜,,
尚湖,,
辛莊,,
常熟昆承湖管理委員會,,
張家港,,
塘橋,,
鳳凰,,
樂餘,,
錦豐,,
南豐,,
楊舍,,
大新,,
金港,,
張家港經濟技術開發區,,
崑山,,
玉山,,
巴城,,
周市,,
陸家,,
花橋,,
澱山湖,,
張浦,,
周莊,,
千燈,,
錦溪,,
開發區,,
太倉,,
婁東,,
城廂,,
浮橋,,
璜涇,,
雙鳳,,
沙溪,,
瀏河,,
杭州,,
上城,,
清波,,
湖濱,,
小營,,
南星,,
紫陽,,
望江,,
凱旋,,
採荷,,
閘弄口,,
四季青,,
彭埠,,
筧橋,,
丁蘭,,
九堡,,
拱墅,,
米市巷,,
湖墅,,
小河,,
和睦,,
拱宸橋,,
大關,,
上塘,,
祥符,,
康橋,,
半山,,
長慶,,
武林,,
天水,,
潮鳴,,
朝暉,,
文暉,,
東新,,
石橋,,
西湖,,
北山,,
靈隱,,
西溪,,
翠苑,,
文新,,
轉塘,,
蔣村,,
留下,,
古蕩,,
西湖街道,,
三墩,,
雙浦,,
濱江,,
西興,,
浦沿,,
長河,,
蕭山,,
城廂,,
北幹,,
蜀山,,
新塘,,
靖江,,
南陽,,
新街,,
聞堰,,
寧圍,,
盈豐,,
樓塔,,
河上,,
戴村,,
浦陽,,
進化,,
臨浦,,
義橋,,
所前,,
衙前,,
瓜瀝,,
益農,,
黨灣,,
餘杭,,
五常,,
仁和,,
閒林,,
中泰,,
餘杭街道,,
良渚,,
倉前,,
徑山,,
瓶窯,,
鸕鳥,,
百丈,,
黃湖,,
富陽,,
富春,,
春江,,
東洲,,
鹿山,,
銀湖,,
萬市,,
洞橋,,
新登,,
淥渚,,
胥口,,
永昌,,
大源,,
靈橋,,
里山,,
常綠,,
場口,,
常安,,
龍門,,
新桐,,
上官,,
漁山,,
環山,,
湖源,,
春建,,
臨安,,
錦城,,
玲瓏,,
青山湖,,
錦南,,
錦北,,
高虹,,
太湖源,,
於潛,,
天目山,,
太陽,,
潛川,,
昌化,,
河橋,,
龍崗,,
湍口,,
清涼峯,,
島石,,
板橋,,
臨平,,
臨平街道,,
南苑,,
東湖,,
星橋,,
喬司,,
運河,,
崇賢,,
塘棲,,
錢塘,,
白楊,,
下沙,,
義蓬,,
新灣,,
河莊,,
前進,,
臨江,,
桐廬,,
桐君,,
舊縣,,
城南,,
鳳川,,
富春江,,
橫村,,
江南,,
分水,,
瑤琳,,
百江,,
莪山,,
鐘山,,
新合,,
合村,,
淳安,,
文昌,,
石林,,
臨岐,,
威坪,,
姜家,,
梓桐,,
汾口,,
中洲,,
大墅,,
楓樹嶺,,
千島湖,,
里商,,
金峯,,
富文,,
左口,,
屏門,,
瑤山,,
王阜,,
宋村,,
鳩坑,,
浪川,,
界首,,
安陽,,
建德,,
新安江,,
洋溪,,
更樓,,
蓮花,,
乾潭,,
梅城,,
楊村橋,,
下涯,,
大洋,,
三都,,
壽昌,,
航頭,,
大慈巖,,
大同,,
李家,,
欽堂,,
寧波,,
海曙,,
南門,,
江廈,,
西門,,
月湖,,
鼓樓,,
白雲,,
段塘,,
望春,,
石碶,,
高橋,,
橫街,,
集士港,,
古林,,
洞橋,,
鄞江,,
章水,,
龍觀,,
江北,,
孔浦,,
文教,,
莊橋,,
甬江,,
洪塘,,
前江,,
外灘,,
慈城,,
北侖,,
新碶,,
小港,,
大碶,,
霞浦,,
柴橋,,
戚家山,,
大榭,,
梅山,,
春曉,,
白峯,,
郭巨,,
鎮海,,
招寶山,,
蛟川,,
駱駝,,
莊市,,
貴駟,,
澥浦,,
九龍湖,,
鄞州,,
下應,,
鍾公廟,,
首南,,
中河,,
梅墟,,
潘火,,
百丈,,
東勝,,
明樓,,
白鶴,,
東柳,,
東郊,,
福明,,
新明,,
聚賢,,
瞻岐,,
鹹祥,,
塘溪,,
東吳,,
五鄉,,
邱隘,,
雲龍,,
橫溪,,
姜山,,
東錢湖,,
奉化,,
錦屏,,
嶽林,,
江口,,
西塢,,
蕭王廟,,
方橋,,
溪口,,
尚田,,
蓴湖,,
裘村,,
大堰,,
松岙,,
象山,,
丹東,,
丹西,,
爵溪,,
石浦,,
西周,,
鶴浦,,
賢庠,,
牆頭,,
泗洲頭,,
定塘,,
塗茨,,
大徐,,
新橋,,
東陳,,
曉塘,,
黃避岙,,
茅洋,,
高塘島,,
寧海,,
躍龍,,
桃源,,
梅林,,
橋頭胡,,
長街,,
力洋,,
一市,,
岔路,,
前童,,
桑洲,,
黃壇,,
大佳何,,
強蛟,,
西店,,
深甽,,
胡陳,,
茶院,,
越溪,,
餘姚,,
梨洲,,
鳳山,,
蘭江,,
陽明,,
低塘,,
朗霞,,
臨山,,
黃家埠,,
小曹娥,,
泗門,,
馬渚,,
牟山,,
丈亭,,
三七市,,
河姆渡,,
大隱,,
陸埠,,
梁弄,,
大嵐,,
四明山,,
鹿亭,,
慈溪,,
滸山,,
宗漢,,
坎墩,,
白沙路,,
古塘,,
龍山,,
掌起,,
觀海衛,,
附海,,
橋頭,,
匡堰,,
逍林,,
新浦,,
勝山,,
橫河,,
崇壽,,
庵東,,
長河,,
周巷,,
溫州,,
鹿城,,
濱江,,
松臺,,
五馬,,
南匯,,
雙嶼,,
仰義,,
七都,,
蒲鞋市,,
廣化,,
大南,,
南郊,,
豐門,,
藤橋,,
山福,,
龍灣,,
永中,,
蒲州,,
海濱,,
永興,,
海城,,
狀元,,
瑤溪,,
沙城,,
天河,,
星海,,
甌海,,
景山,,
梧田,,
茶山,,
南白象,,
新橋,,
婁橋,,
三垟,,
瞿溪,,
潘橋,,
麗岙,,
仙岩,,
郭溪,,
澤雅,,
洞頭,,
北岙,,
東屏,,
元覺,,
霓嶼,,
昆鵬,,
靈昆,,
大門,,
鹿西,,
永嘉,,
烏牛,,
東城,,
北城,,
南城,,
三江,,
黃田,,
甌北,,
橋頭,,
大若巖,,
楓林,,
橋下,,
碧蓮,,
巽宅,,
巖頭,,
巖坦,,
沙頭,,
鶴盛,,
金溪,,
茗岙,,
雲嶺,,
溪下,,
界坑,,
平陽,,
昆陽,,
鰲江,,
水頭,,
蕭江,,
海西,,
騰蛟,,
山門,,
順溪,,
南雁,,
麻步,,
鳳臥,,
萬全,,
懷溪,,
青街,,
鬧村,,
蒼南,,
宜山,,
大漁,,
炎亭,,
望里,,
莒溪,,
南宋,,
霞關,,
沿浦,,
藻溪,,
靈溪,,
金鄉,,
錢庫,,
馬站,,
礬山,,
橋墩,,
赤溪,,
鳳陽,,
岱嶺,,
文成,,
百丈漈,,
二源,,
巨嶼,,
大嶨,,
珊溪,,
玉壺,,
南田,,
黃坦,,
西坑,,
嶨口,,
周壤,,
銅鈴山,,
桂山,,
雙桂,,
平和,,
公陽,,
周山,,
泰順,,
百丈,,
羅陽,,
司前,,
筱村,,
泗溪,,
彭溪,,
雅陽,,
仕陽,,
三魁,,
南浦溪,,
龜湖,,
西暘,,
東溪,,
鳳垟,,
柳峯,,
竹里,,
雪溪,,
大安,,
包垟,,
瑞安,,
安陽,,
上望,,
東山,,
玉海,,
錦湖,,
莘塍,,
汀田,,
南濱,,
飛雲,,
仙降,,
潘岱,,
雲周,,
塘下,,
陶山,,
湖嶺,,
馬嶼,,
高樓,,
桐浦,,
曹村,,
林川,,
平陽坑,,
北麂,,
芳莊,,
樂清,,
城東,,
城南,,
鹽盆,,
翁垟,,
白石,,
石帆,,
天成,,
樂成,,
雁蕩,,
柳市,,
北白象,,
虹橋,,
淡溪,,
清江,,
芙蓉,,
大荊,,
仙溪,,
磐石,,
蒲岐,,
南嶽,,
南塘,,
湖霧,,
嶺底,,
智仁,,
龍西,,
龍港,,
嘉興,,
南湖,,
建設,,
解放,,
新嘉,,
南湖街道,,
新興,,
七星,,
東柵,,
城南,,
長水,,
鳳橋,,
餘新,,
新豐,,
大橋,,
秀洲,,
新城,,
高照,,
嘉北,,
塘匯,,
王江涇,,
油車港,,
新塍,,
王店,,
洪合,,
嘉善,,
羅星,,
魏塘,,
惠民,,
大雲,,
西塘,,
幹窯,,
陶莊,,
天凝,,
姚莊,,
海鹽,,
武原,,
秦山,,
望海,,
西塘橋,,
沈蕩,,
百步,,
於城,,
澉浦,,
通元,,
海寧,,
馬橋,,
海昌,,
海洲,,
硤石,,
許村,,
長安,,
周王廟,,
丁橋,,
斜橋,,
黃灣,,
鹽官,,
袁花,,
平湖,,
當湖,,
曹橋,,
鍾埭,,
乍浦,,
新埭,,
新倉,,
廣陳,,
林埭,,
獨山港,,
桐鄉,,
梧桐,,
鳳鳴,,
高橋,,
烏鎮,,
濮院,,
屠甸,,
石門,,
河山,,
洲泉,,
大麻,,
崇福,,
湖州,,
吳興,,
月河,,
朝陽,,
愛山,,
飛英,,
龍泉,,
鳳凰,,
湖東,,
仁皇山,,
濱湖,,
康山,,
環渚,,
龍溪,,
楊家埠,,
織里,,
八里店,,
妙西,,
東林,,
埭溪,,
道場,,
南潯,,
南潯鎮,,
練市,,
雙林,,
菱湖,,
和孚,,
善璉,,
舊館,,
千金,,
石淙,,
德清,,
下渚湖,,
武康,,
舞陽,,
阜溪,,
康乾,,
乾元,,
洛舍,,
雷甸,,
鍾管,,
新市,,
新安,,
禹越,,
莫干山,,
長興,,
雉城,,
畫溪,,
太湖,,
龍山,,
洪橋,,
李家巷,,
夾浦,,
林城,,
泗安,,
虹星橋,,
和平,,
小浦,,
煤山,,
水口,,
呂山,,
安吉,,
遞鋪,,
昌碩,,
靈峯,,
孝源,,
梅溪,,
鄣吳,,
杭垓,,
孝豐,,
報福,,
章村,,
天荒坪,,
天子湖,,
溪龍,,
上墅,,
山川,,
紹興,,
越城,,
塔山,,
府山,,
北海,,
城南,,
稽山,,
迪蕩,,
東湖,,
靈芝,,
東浦,,
鑑湖,,
斗門,,
皋埠,,
馬山,,
孫端,,
陶堰,,
富盛,,
柯橋,,
柯橋街道,,
柯巖,,
華舍,,
湖塘,,
齊賢,,
福全,,
安昌,,
蘭亭,,
錢清,,
馬鞍,,
楊汛橋,,
平水,,
王壇,,
稽東,,
漓渚,,
夏履,,
上虞,,
百官,,
曹娥,,
東關,,
道墟,,
梁湖,,
小越,,
崧廈,,
瀝海,,
長塘,,
上浦,,
湯浦,,
章鎮,,
下管,,
豐惠,,
永和,,
驛亭,,
謝塘,,
蓋北,,
嶺南,,
陳溪,,
丁宅,,
新昌,,
南明,,
羽林,,
七星,,
澄潭,,
沙溪,,
鏡嶺,,
儒岙,,
回山,,
沃州,,
小將,,
城南,,
東茗,,
諸暨,,
暨陽,,
浣東,,
陶朱,,
暨南,,
大唐,,
應店街,,
次塢,,
店口,,
阮市,,
姚江,,
山下湖,,
楓橋,,
趙家,,
馬劍,,
五泄,,
牌頭,,
同山,,
安華,,
璜山,,
陳宅,,
嶺北,,
浬浦,,
東白湖,,
東和,,
嵊州,,
剡湖,,
三江,,
鹿山,,
浦口,,
甘霖,,
長樂,,
崇仁,,
黃澤,,
三界,,
仙岩,,
下王,,
石璜,,
谷來,,
金庭,,
貴門,,
金華,,
婺城,,
城東,,
城中,,
城西,,
城北,,
江南,,
三江,,
西關,,
秋濱,,
新獅,,
羅店,,
雅畈,,
安地,,
白龍橋,,
琅琊,,
蔣堂,,
湯溪,,
羅埠,,
洋埠,,
乾西,,
竹馬,,
長山,,
箬陽,,
沙畈,,
塔石,,
嶺上,,
莘畈,,
蘇孟,,
金東,,
多湖,,
東孝,,
孝順,,
傅村,,
曹宅,,
澧浦,,
嶺下,,
江東,,
塘雅,,
赤松,,
源東,,
武義,,
白洋,,
壺山,,
熟溪,,
柳城,,
履坦,,
桐琴,,
泉溪,,
新宅,,
王宅,,
桃溪,,
茭道,,
大田,,
白姆,,
俞源,,
坦洪,,
西聯,,
三港,,
大溪口,,
浦江,,
浦南,,
仙華,,
浦陽,,
黃宅,,
白馬,,
鄭家塢,,
鄭宅,,
巖頭,,
檀溪,,
杭坪,,
大畈,,
中餘,,
前吳,,
花橋,,
虞宅,,
磐安,,
安文,,
新渥,,
尖山,,
仁川,,
大盤,,
方前,,
玉山,,
尚湖,,
冷水,,
深澤,,
雙峯,,
雙溪,,
窈川,,
盤峯,,
高二,,
維新,,
胡宅,,
萬蒼,,
九和,,
蘭溪,,
蘭江,,
雲山,,
上華,,
永昌,,
赤溪,,
女埠,,
遊埠,,
諸葛,,
黃店,,
香溪,,
梅江,,
馬澗,,
橫溪,,
靈洞,,
柏社,,
水亭,,
義烏,,
稠城,,
江東,,
稠江,,
北苑,,
後宅,,
城西,,
廿三里,,
福田,,
佛堂,,
赤岸,,
義亭,,
上溪,,
蘇溪,,
大陳,,
東陽,,
吳寧,,
南市,,
白雲,,
江北,,
城東,,
六石,,
歌山,,
巍山,,
虎鹿,,
佐村,,
東陽江,,
湖溪,,
橫店,,
馬宅,,
千祥,,
南馬,,
畫水,,
三單,,
永康,,
東城,,
西城,,
江南,,
石柱,,
古山,,
象珠,,
龍山,,
花街,,
方巖,,
舟山,,
前倉,,
唐先,,
西溪,,
芝英,,
衢州,,
柯城,,
府山,,
荷花,,
新新,,
雙港,,
信安,,
花園,,
白雲,,
衢化,,
石樑,,
航埠,,
姜家山,,
萬田,,
石室,,
黃家,,
七里,,
九華,,
溝溪,,
華墅,,
衢江,,
樟潭,,
浮石,,
上方,,
峽川,,
杜澤,,
蓮花,,
高家,,
全旺,,
大洲,,
後溪,,
廿里,,
湖南,,
灰坪,,
太真,,
雙橋,,
周家,,
云溪,,
黃壇口,,
舉村,,
嶺洋,,
常山,,
天馬,,
紫港,,
金川,,
輝埠,,
芳村,,
球川,,
白石,,
招賢,,
青石,,
何家,,
新昌,,
同弓,,
大橋頭,,
東案,,
開化,,
華埠,,
馬金,,
村頭,,
池淮,,
桐村,,
楊林,,
蘇莊,,
齊溪,,
林山,,
音坑,,
中村,,
長虹,,
何田,,
大溪邊,,
龍游,,
東華,,
龍洲,,
湖鎮,,
小南海,,
溪口,,
橫山,,
塔石,,
詹家,,
羅家,,
廟下,,
沐塵,,
模環,,
石佛,,
社陽,,
大街,,
江山,,
雙塔,,
虎山,,
清湖,,
上餘,,
賀村,,
壇石,,
大橋,,
四都,,
新塘邊,,
鳳林,,
峽口,,
廿八都,,
長臺,,
石門,,
大陳,,
碗窯,,
保安,,
張村,,
塘源口,,
舟山,,
定海,,
昌國,,
環南,,
城東,,
鹽倉,,
臨城,,
小沙,,
岑港,,
馬岙,,
雙橋,,
金塘,,
白泉,,
幹覽,,
普陀,,
沈家門,,
東港,,
展茅,,
朱家尖,,
蝦峙,,
桃花,,
東極,,
六橫,,
普陀山,,
岱山,,
高亭,,
東沙,,
岱東,,
岱西,,
長塗,,
衢山,,
秀山,,
嵊泗,,
菜園,,
嵊山,,
洋山,,
五龍,,
黃龍,,
枸杞,,
花鳥,,
台州,,
椒江,,
海門,,
白雲,,
葭沚,,
洪家,,
三甲,,
下陳,,
前所,,
章安,,
大陳,,
黃岩,,
東城,,
南城,,
西城,,
北城,,
新前,,
澄江,,
江口,,
高橋,,
寧溪,,
北洋,,
頭陀,,
院橋,,
沙埠,,
嶼頭,,
上鄭,,
富山,,
茅畲,,
上垟,,
平田,,
路橋,,
路南,,
路橋街道,,
路北,,
螺洋,,
桐嶼,,
峯江,,
新橋,,
橫街,,
金清,,
蓬街,,
三門,,
海遊,,
海潤,,
沙柳,,
珠岙,,
亭旁,,
健跳,,
橫渡,,
花橋,,
浦壩港,,
蛇蟠,,
天台,,
赤城,,
福溪,,
始豐,,
白鶴,,
石樑,,
街頭,,
平橋,,
坦頭,,
三合,,
洪疇,,
三州,,
龍溪,,
雷峯,,
南屏,,
泳溪,,
仙居,,
福應,,
南峯,,
安洲,,
橫溪,,
埠頭,,
白塔,,
田市,,
官路,,
下各,,
朱溪,,
安嶺,,
溪港,,
湫山,,
淡竹,,
皤灘,,
上張,,
步路,,
廣度,,
大戰,,
雙廟,,
溫嶺,,
太平,,
城東,,
城西,,
城北,,
橫峯,,
澤國,,
大溪,,
松門,,
箬橫,,
新河,,
石塘,,
濱海,,
溫嶠,,
城南,,
石橋頭,,
塢根,,
東部新區,,
臨海,,
古城,,
大洋,,
江南,,
大田,,
邵家渡,,
汛橋,,
東塍,,
匯溪,,
小芝,,
河頭,,
白水洋,,
括蒼,,
永豐,,
尤溪,,
湧泉,,
沿江,,
杜橋,,
上盤,,
桃渚,,
玉環,,
玉城,,
坎門,,
大麥嶼,,
清港,,
楚門,,
幹江,,
沙門,,
蘆浦,,
龍溪,,
雞山,,
海山,,
麗水,,
蓮都,,
紫金,,
巖泉,,
萬象,,
白雲,,
聯城,,
南明山,,
碧湖,,
大港頭,,
老竹,,
雅溪,,
太平,,
仙渡,,
峯源,,
麗新,,
黃村,,
青田,,
鶴城,,
甌南,,
油竹,,
三溪口,,
溫溪,,
東源,,
高湖,,
船寮,,
海口,,
臘口,,
北山,,
山口,,
仁莊,,
禎埠,,
萬山,,
黃垟,,
季宅,,
高市,,
海溪,,
章村,,
禎旺,,
舒橋,,
巨浦,,
萬阜,,
方山,,
湯垟,,
貴岙,,
小舟山,,
吳坑,,
仁宮,,
章旦,,
阜山,,
縉雲,,
五雲,,
仙都,,
新碧,,
壺鎮,,
新建,,
舒洪,,
大洋,,
東渡,,
東方,,
大源,,
七里,,
前路,,
三溪,,
溶江,,
雙溪口,,
胡源,,
方溪,,
石筧,,
遂昌,,
妙高,,
雲峯,,
新路灣,,
北界,,
金竹,,
大柘,,
石練,,
王村口,,
黃沙腰,,
三仁,,
濂竹,,
應村,,
高坪,,
湖山,,
蔡源,,
焦灘,,
龍洋,,
柘岱口,,
西畈,,
垵口,,
松陽,,
西屏,,
水南,,
望松,,
古市,,
玉巖,,
象溪,,
大東壩,,
新興,,
葉村,,
齋壇,,
三都,,
竹源,,
四都,,
赤壽,,
樟溪,,
楓坪,,
板橋,,
裕溪,,
安民,,
雲和,,
元和,,
鳳凰山,,
白龍山,,
浮雲,,
石塘,,
緊水灘,,
崇頭,,
霧溪,,
安溪,,
赤石,,
慶元,,
濛洲,,
屏都,,
淞源,,
黃田,,
竹口,,
荷地,,
左溪,,
賢良,,
百山祖,,
嶺頭,,
五大堡,,
淤上,,
安南,,
張村,,
隆宮,,
舉水,,
江根,,
龍溪,,
官塘,,
景寧,,
鶴溪,,
紅星,,
渤海,,
東坑,,
英川,,
沙灣,,
大均,,
澄照,,
梅岐,,
鄭坑,,
九龍,,
大漈,,
景南,,
雁溪,,
鸕鷀,,
梧桐,,
標溪,,
毛垟,,
秋爐,,
大地,,
家地,,
龍泉,,
龍淵,,
西街,,
劍池,,
塔石,,
八都,,
上垟,,
小梅,,
查田,,
安仁,,
錦溪,,
住龍,,
屏南,,
蘭巨,,
寶溪,,
竹垟,,
道太,,
巖樟,,
城北,,
龍南,,